temperature,humidity,pressure
29.98685661204493,55.76240317977297,1008.2860210780511
27.446942795315262,55.46585891616146,1009.7780021477854
30.59075415240277,42.04356827369985,1008.6104757558194
34.0921194256321,56.69909808298563,1011.4416721877844
27.063386501106656,67.32829081821745,1015.7887141258476
27.063452172203277,47.25767880923205,1007.9158313714352
34.316851262029566,70.48482651050593,1015.0032819910737
31.069738916611634,64.87774821084338,1007.8733117106125
26.12210245626019,52.657666780289624,1007.6094911500124
30.17024017434386,58.584703626621526,1014.2743784733728
26.14632922875015,75.98321807641034,1014.6877455120305
26.137080985718974,67.33547813505866,1014.4056397470506
28.96784908626414,60.08783654898148,1005.7368103671274
20.346879021368807,57.623166830390154,1009.1361960877118
21.10032866994787,60.76609070451659,1014.2919543680133
25.75084988303611,54.88236442057696,1011.1661673622556
23.948675518662306,38.95250494280985,1006.7052286152101
29.256989330381096,80.42177910534731,1012.8332717565017
24.367903697915157,61.553249991994015,1008.1407709640341
22.350785194658833,63.981472651225374,1018.1780993935688
33.862595075686215,59.42092250123091,1017.179365849673
27.096894798053857,52.64883199275412,1013.4163897054223
28.270112818751695,58.140755190512294,1016.4440268190791
22.301007255146175,44.006052378056886,1011.2591654004935
25.82246910189927,82.77086498053305,1014.0617499775001
28.443690358839465,47.654880015776044,1016.9108811812083
23.39602569031079,49.68033716152821,1011.9819947271773
29.502792073382686,55.597407956135996,1009.9792513139429
25.59744524032478,72.88075724852378,1004.1815121672915
26.833225000826893,60.14508999262654,1010.667465897114
25.593173551082412,47.63864203969538,1014.2936927382492
35.40911273803575,72.54338360757339,1014.7825337102705
27.946011101048263,67.31000626785482,1013.0174602628737
23.769156284176397,65.38434957216452,1008.8348036201511
31.290179648412757,67.1573424117084,1003.0927137242096
23.11662540011591,83.9436190058245,1009.0191396079811
28.835454380019023,81.85094895036113,1009.7826205157842
20.161319504480897,53.13284656996704,1009.74828413124
22.687255804406277,76.23884992811152,1013.4742254279117
28.787444943476494,63.831681897589,1018.9427056440594
30.953866319981643,64.99095816137749,1011.4941168073643
28.68547312475988,43.07729168356671,1010.1330728433742
27.53740687044704,58.29614234611804,1009.9631127479836
26.795585217642845,51.87176409663435,1011.4975390676309
22.08591203853029,68.28058814893309,1007.6868249586064
25.120623166421165,70.71080500402805,1011.4807942349843
26.15744491616085,39.255136489836886,1012.8032493453272
32.22848890487566,59.7796513599573,1011.8387442542979
29.374473158273844,71.21861504794252,1012.8301677360191
20.947839378549062,58.13321037686555,1012.7349904373941
29.296335877579182,67.29063645002364,1003.9124132710142
26.459670878334734,63.511654676270844,1013.5474806335816
25.292311998776164,63.41660231952626,1008.3159406173502
30.44670515536347,57.286850219317024,1006.6166433479842
32.1239980899838,47.834191958642904,1006.58219268858
31.725120476464795,48.784698525749725,1012.7341664418901
24.643129907109447,67.09352514455317,1010.1097002911006
26.76315049659514,60.19458255518883,1004.2721248640584
29.325053725614257,58.614877553927755,1012.9121512607692
31.902180508489437,55.76109957677647,1005.2415674768047
26.08330304861884,56.94811154519248,1011.5592854340729
27.25736409334473,70.46911794488139,1011.9539957026922
23.574660103975887,56.647559181319735,1014.5423083267801
23.215173503677317,46.58935286698431,1018.1267391458674
31.250103289576792,67.43651775540174,1005.5412946963978
33.424960114283294,57.95123336135283,1010.7901045757478
27.711959513678664,60.31395865532777,1009.8946588198231
32.014131591568095,76.0757830639951,1012.7349987438439
29.446544100190536,59.794394426494925,1011.8626750837345
25.419520981579502,62.891836731187254,1009.5898150290535
29.445582422033656,48.210765087016746,1009.2363912455565
34.15214626586388,57.8033054764904,1006.5341965792638
27.856695843560193,66.09526045208601,1014.951446329626
34.258574623256024,44.446262661587575,1012.8368167263981
17.52101958364102,62.00845093115709,1014.6710727911806
31.287610017500896,61.00791072644806,1009.758415454098
28.348188272952687,60.412874555874396,1008.3726581252223
26.80397059813653,70.37158898658242,1006.6867397334831
28.36704310614201,63.344385148485216,1012.4356703349627
20.04972434159643,74.78071898356444,1006.840827101887
27.121312448649952,50.06410484405964,1018.3946522758662
29.428450286046985,61.35924567218348,1005.7694296756263
33.911576178966065,60.844667863899474,1012.09464047685
25.92691912690541,49.3074550624492,1017.2674188288552
24.76602558842725,69.56295002091346,1013.3963590370553
25.992971825661854,83.24673305852818,1011.7026948499671
31.661608470808297,59.82993925516169,1007.1260654121525
29.315004438638738,65.05021088273767,1005.4729232457291
25.880959184931847,60.84518475815327,1014.0802004356703
30.053069732453423,52.864153300928244,1017.0245889630997
28.388310197392162,41.79239722197984,1009.2446000380874
31.874579962131556,52.94226516904635,1006.4437539695346
25.19178762449059,46.08041619048269,1001.1673222778039
26.68935141360893,77.04102078059118,1007.0769406253498
26.431567387471368,58.84890306076761,1010.5453726300038
22.145940207471526,56.54080670952829,1017.396492963347
29.184481108258304,68.89153824787806,1013.6925347689319
29.044221088719556,48.78248897144112,1012.220341618827
28.020453826569845,52.331359619954476,1009.3995213547955
27.061651466499413,60.68072269248621,1008.6673371309762
22.338517031798343,70.2876899142348,1016.6225903900319
26.317418708938565,65.01685045168789,1011.8029541630335
26.62914193389292,62.48325142515882,1002.5895972323159
24.790890923113523,60.78117735236016,1008.3058414084111
27.354857153335963,64.00235855526775,1007.5671358729135
29.616203427258153,62.016529051292544,1008.8149439632901
35.54474360484212,49.70027725223064,1013.2516426411404
28.698311251327357,60.46079221633151,1010.570220472823
29.030201562891058,49.26311341082247,1010.6925383719854
27.70221633693533,60.81082542900824,1016.253892645301
20.324915138803835,55.19352058511758,1008.2141556408533
27.893944498203133,85.39381622782861,1018.4567981035494
28.240920839764104,59.601056162482884,1008.3147696345156
37.852968449941145,45.95760433738411,1011.3567927864503
27.23055614087551,58.658197893230756,1009.875185618389
29.20618936933445,65.19358745637888,1011.4936765340038
27.861152921179027,76.73363946152523,1012.7783679802925
23.32528784952187,54.10547600061282,1012.7353409603555
32.571291258060086,44.1757202597636,1007.9875306775177
31.007732130747097,68.16837011430981,1006.5083412902097
31.164127788172188,46.19401294100349,1021.0126871636228
24.362450180821043,55.63844558492515,1009.0640626415978
33.61117724374439,57.42379514489006,1013.796849754688
22.392595748830878,59.30366546699892,1004.5694347579072
30.34742837520108,66.89164457074335,1009.8815491203812
36.76182250323991,53.16365717713612,1010.4912024640703
24.037854699477247,57.262707478332395,1012.8912602797113
25.734809081588914,59.857296470506114,1000.1101834360322
28.398605460350566,61.49597957518788,1011.6645624523134
25.986097383535203,60.978271747079226,1006.4010341785284
21.79734627573547,64.3600577522258,1012.2973828447797
28.274251899224108,68.43839509641737,1006.8546832126474
23.75078514509558,63.92634115650968,1007.5780692162976
29.894369722540727,64.53585523509219,1009.9054895584269
24.322303063064787,44.17776833253522,1006.7906821215872
34.19973762007016,60.50227699165681,1009.0978622130585
24.86698683065505,64.79507548001608,1006.2264969258267
26.7117539351773,67.2894119457045,1003.6673181932051
31.25406886947868,53.07649225766206,1015.0718282097174
23.07654273426418,53.40960725111355,1005.8158052287043
28.90983973841652,54.258993247164014,1010.2852764495681
33.22857101712971,65.36413899891343,1014.0115643259751
21.57006706175509,70.33881054924208,1008.5402235899359
28.73853543412922,55.92539892708398,1007.6993364010178
29.039531176993695,69.07962313627048,1011.9049523546697
31.12729148710924,61.23479809164594,1015.4717352909086
23.052197156487672,58.757142228375635,1006.3227389396541
22.718173547662893,57.88615770182031,1010.3994086719302
30.08776626246759,67.46611364602157,1004.0700216201307
29.187938692932743,63.2557781678707,1009.4271959852713
29.001971401383507,82.75825427647638,1011.1368187381523
29.385792837987903,51.477753570026756,1007.5815014329797
25.279901113686037,65.18101702029976,1009.172032664699
28.929014788644015,54.70798990188487,1005.3670929267702
29.172289893194726,51.30713013011356,1011.308314445526
25.14259432789453,59.89132862965028,1015.2227769955326
35.46309804457903,61.37352479407036,1006.6114245209181
29.89533168364715,89.18173555060093,1008.5093129337905
23.234786011189406,58.15854184316798,1013.0101849858167
30.62621443453532,48.69821270515317,1015.8483628772909
24.101273319090716,62.73010717494385,1005.0272407511643
31.148338414969807,39.25359962453632,1010.3248610503362
32.634382316029615,59.08043217395734,1012.1325232892781
24.717270726593156,60.160252822951605,1010.5917744374846
31.85350451697729,67.94600382945211,1001.0928317324916
29.65112370774599,69.73622249427846,1013.0043600372351
31.28824063997796,54.96430381092283,1017.0773454043626
35.58717193061579,58.49385985370067,1011.4666470046781
27.018447535988518,52.33879169389329,1006.875575786823
24.985055342570043,48.71937445192306,1008.9474910145428
24.44194228149791,63.098947793806346,1018.0796522706223
24.736758860138245,47.26414451403401,1014.6398501634422
27.691593162343583,55.85373099428137,1013.5601064735373
29.364607899266577,50.048260401007624,1012.4256503341375
29.106763197320078,65.4968318629026,1008.3554515512361
31.308732996144094,78.01430099266489,1010.1977152773769
28.052007567511627,46.98412017196669,1010.6883090572859
33.814136308629266,41.46981517102431,1013.1982972642578
26.941372667048174,58.751131146499326,1017.0356755770677
38.880676666358475,60.15697795957758,1015.4733525471726
30.502669391060024,62.18659306757298,1005.3224625768158
24.57136977433487,55.53679484765655,1011.8959798756042
23.71643000775555,57.99360701174568,1013.9470533806716
29.92988966097274,63.67510410540602,1013.4754413205785
27.106148858696596,70.4043089264484,1008.4830649464503
30.85600197636837,40.449512296817176,1022.6564368630734
29.89295049829418,56.310605609685375,1005.8916617506756
27.708684349372508,62.13808793941063,1006.6672462133358
24.61282512772638,50.82023895389264,1011.9343803250463
21.940611101256543,77.311696317673,1019.4672122198555
26.213940191731915,53.64590119771263,1007.6552205971833
31.42559517729389,59.58707312992717,1009.936686537412
28.856374976520815,65.56022096842291,1015.3091746920628
23.017044885152046,54.087152111981055,1010.9285513804491
28.692723703404727,41.53426952195583,1009.6615845818789
29.541269518915346,55.71345473083467,1013.2625316075469
24.46457025519547,70.2944055592704,1012.0900719609184
28.61490042378211,56.631048732148614,1015.1217551425472
28.232834873784,51.53565698541021,1016.1658755562614
23.428118808677507,69.25672209502721,1012.2280122400215
29.43114944139313,56.692251039769474,1012.1669309015132
30.243138105472937,54.89839186349783,1011.8564439291446
32.332204972701106,61.4945608966331,1012.9565222265971
32.215208208139614,67.70750209618788,1011.2206825514859
22.489322528171634,83.81713531732547,1010.9975660707108
24.24869984033951,68.27236107657423,1015.7865084833089
30.06014106883464,71.59839966388344,1017.0644647214202
30.055143803648836,54.940338010121444,1004.9697882214663
30.06019074522419,49.741318940305234,1011.0400846069623
40.0,60.62331349619123,1008.2452222662191
30.28356204277267,61.07169915259596,1009.7561141340557
32.54226256072239,49.214872586354026,1012.6100648389413
31.81600705397281,58.24705470095987,1013.6777534861699
30.60556500522319,63.99317601719131,1010.5514942255546
26.738923021438616,63.6039339501808,1003.3466386611088
31.03587688197307,65.04287853384272,1007.1398176776953
24.908699141849713,62.90964730137443,1014.5859986808007
27.052725573039965,54.929913407299445,1000.0382943118602
26.058545808683586,54.86099373351157,1015.749708606728
28.32749655754529,48.010486020061236,1013.0849199625782
37.25863426669403,77.84775039185095,1016.2647043261201
20.530939229633006,60.13450364619293,1010.2057232524761
30.745040761498053,57.75146944205148,1002.7543783039084
21.549136515241393,50.71207918547541,1012.721450566026
26.112272536842266,89.35657902327779,1016.0986124961534
32.35580238786947,49.26671967777104,1014.6988872220537
28.257120076381852,55.71152074393927,1008.3492340660479
23.689020888282776,64.1583683628606,1011.3470443018506
25.138785162960126,66.00212965744278,1008.8686549248803
30.7183909957387,69.57932055215684,1007.7229341432425
25.078533473131454,78.07608507769262,1014.8215542847194
28.8658343583279,65.06157655460713,1006.2098707549394
28.182287359615255,49.439692000333324,1007.4247342776736
25.39359860957673,57.430548748782186,1006.5838974661104
36.5757763573013,63.07832372513885,1005.0390099068038
30.535676089272044,80.68226041505824,1011.5856571673704
19.899429653369573,46.02194521575703,1015.646012193928
28.74581725907771,72.02576505225227,1010.2604929750189
25.352854140926446,61.79914369546417,1004.9770087977433
31.409733339184896,68.3783053522948,1014.3597781589681
24.8299170462692,58.98005283364068,1017.7428070161399
27.541054234132403,51.575673698736736,1008.4150307034137
30.01994911592183,67.50872779401332,1009.0857829331292
31.463020776680487,66.54431027105622,1013.0626425203336
23.198814371776894,69.72056965739722,1017.4874949911402
26.661995056636208,59.866953646213645,1008.9206634170991
26.100218755356174,54.001779766801505,1005.6702008760071
25.386683069705153,44.412130049761586,1013.5256744250896
35.061816961124386,68.19373268139407,1014.1962722925692
29.61992684384382,64.23889482443985,1011.0245258017409
22.95646418265982,50.342173671360406,1008.7674669613702
31.671447788219105,54.614263267033756,1014.9775149239682
36.48862478805053,55.332411880485594,1013.1121440181919
32.12986104220459,45.17015568017582,1007.9262579323861
21.922520136183948,51.82317603394866,1011.1963789252227
26.063063708534994,48.66169643193646,1005.5931698719014
33.06764459674649,55.87520988112063,1013.7435618257517
25.169322137524876,52.61302501670437,1009.9510657224686
29.775277712584913,43.72995079133251,1009.2571566704611
31.098536213717345,80.22590230569482,1010.8685020593903
24.29227811368767,72.52540731029231,1011.161230797321
27.7618985757528,52.209805784800146,1014.5797202462622
15.03493063972371,62.7242139665361,1013.3643621253009
23.90244943466284,64.17465089821295,1010.3743628848288
26.98972739442736,71.91085854773476,1014.054672598876
23.008867272140602,51.81394973339921,1012.6029490147664
34.52964521572654,70.92106783982426,1009.2936014548559
22.27943448815747,54.52094695793065,1010.5011273670541
26.239822053212066,46.641375958313866,1010.4071084446275
28.522962309144365,67.24136559314498,1013.0210453726968
33.76509315626446,72.90758424122428,1009.5319095411135
22.256551395282244,85.87908973530685,1009.4383632543135
32.65265500861984,48.002747349097866,1018.8750292377358
28.04093224407835,66.98919685080789,1014.7589419269884
24.073965395808195,55.90198756206467,1007.9575973422994
29.84841389705308,67.83358710524031,1013.2837639757688
28.79623878229388,45.295104487687496,1011.4734002626207
25.59913249136482,47.37230224301436,1012.5662047010404
28.279208339960075,52.24125176833516,1011.5493652982605
26.45874561255296,60.78964045668084,1015.758570581941
28.45406938100499,53.58918733461645,1012.3824813786058
30.648522698084186,66.5905434391342,1010.7516452071428
34.34406726458141,70.26894618257914,1015.1687623079321
23.048738004692602,65.99577541245355,1011.9331401643515
36.532133498625065,76.18787639660869,1011.4859143173162
20.19164880190999,64.15826629455343,1012.2560904099445
27.392859619857667,47.83103289659833,1010.6255639065346
30.353268825938308,73.6337651353834,1011.0369079719819
29.12396747094013,53.948437643940025,1008.6532216449525
25.509201920717626,69.10418499685571,1007.9953311215045
27.1675109985709,75.73734216555107,1007.0057184540702
26.02799626136467,64.56688010730399,1005.4320668528117
25.642540972223152,45.038411868353506,1007.4811305544617
31.3984083880841,50.81787833490208,1010.3029318621323
29.42806194386019,73.22744466885135,1011.4124703297825
25.228361618957383,58.308773143571834,1009.9148137474094
31.598399501733002,60.79573534942166,1001.5771860394906
29.229198083506436,67.5882441616361,1017.2983454310494
31.25144847535584,66.96322862080324,1015.3459204915615
30.518515367694448,62.78799812385461,1012.7830394048685
24.68401995631171,57.91331628779534,1018.6299626902131
25.759275839212123,56.87331554267643,1007.0905435300651
30.989174420493047,68.57898825291343,1018.550500482504
30.44148106173386,65.53569531067794,1007.1391436929978
27.916393624143407,57.4269999938221,1011.9549517011654
28.469309533235126,70.82112312993141,1005.9046506994632
33.1106595831537,58.70965884870216,1011.0587763821775
25.63371444465668,51.48337825665607,1012.5446659919936
30.18838952468015,52.410293010966555,1010.3812386754618
27.191229390264425,50.21259163690234,1013.8555097763606
27.129275187091118,57.27589983396313,1011.3960577979491
32.39510740794876,72.33724278336193,1008.91034108649
31.30166539595212,51.94904818969491,1008.7327467287906
31.254038544002555,61.884757610181026,1014.2436550904628
33.22191522861732,53.43310654372587,1008.3850318807721
28.084015366531037,57.39690958728563,1014.6616118819397
30.727811885179854,44.89958788014748,1015.8908471713278
26.758932973626177,57.79461770843463,1004.3251445506155
29.296665409953768,58.06294620195038,1015.5317055492042
27.47942778252926,65.40287944035695,1019.2416907937788
28.387983859970873,62.232809132553705,1012.0080150448077
30.380628101747654,48.01607875047955,1013.3963367411793
24.72711726706611,70.84198244043543,1015.1480212974766
36.36954910274184,62.10303040221996,1009.8980707392839
23.975930474001192,61.98393517177487,1011.7291208941515
23.143245548849073,59.90817646614861,1005.7432018815076
32.63244349400027,54.8224255277778,1011.5545401141218
31.166650775851743,62.17802339748726,1012.9924479825781
30.49647926820862,64.75588435928583,1013.0646520917059
30.51338203705712,42.53104308654445,1015.2616988943903
27.95101290861234,54.61239162653904,1007.9007912874579
24.410982514056673,57.45053029596411,1008.869572973306
28.303218232774906,62.56170605694278,1018.5820293839654
25.291353153951555,71.93311005927126,1010.3986865049452
31.900478933671003,52.28259185403218,1011.8001351492493
27.411770473991446,55.02038153182158,1010.7319598330992
24.698011212829954,54.8746588935345,1007.7132766947799
26.714456633388025,51.98472409895459,1017.4941168435672
29.6517258171025,56.528135048877374,1008.8891943523175
25.7451017887841,67.70802219987971,1006.4908579051723
24.711118417734273,49.461645046356544,1009.197038890789
28.97474884596765,64.27814395152903,1002.9931759930979
28.97986628443489,42.98097769981665,1008.3948501400673
25.97222729851548,54.38662003557794,1007.1274856085907
26.11584677752671,56.70510699782014,1013.4697145237093
28.928199749430544,76.74859672914064,1008.3063430417606
22.207662634010703,57.25197695247312,1014.5512157423154
22.370144902493777,37.987565265490815,1016.5939359722773
25.126223114990257,40.011110931387506,1014.1247013451504
27.146211393152612,60.34029586346681,1010.1384468445597
29.243630262392017,66.13770855789909,1011.5644579868224
33.901424867798205,63.75455857627253,1004.9000602394237
31.43063849280808,61.675701058009906,1010.464882509915
27.36024588014629,71.62259597505667,1007.5582461277327
27.923935168389246,54.60408779262868,1013.7773055245972
23.989882541448765,68.94910556026825,1021.2910095569779
27.92594745603044,43.679851149735825,1012.9992865438952
26.845365444319448,50.95052167061934,1003.0354394041814
29.29087424135236,41.929586050681834,1009.5550792283425
24.69107622579071,57.25154699330208,1011.4899637014978
30.077386056964688,59.53738782733657,1011.349429701041
34.130955652010314,61.1410149222652,1008.076747497565
27.56495940617257,60.61883352887135,1011.9811669705477
29.606846888395765,50.72446669188272,1006.0299966523224
30.76057596684445,58.097591555867844,1007.2203651092598
26.395118112456654,45.02553331394252,1013.5831905664148
28.89636992724167,73.6322897513225,1006.9373470764807
28.05036960312718,56.96373927101999,1013.152846421969
28.39070439419533,55.11113880956309,1005.5221449013758
24.907960864578133,75.88940328444083,1018.0593035351669
28.09804069703577,47.57753466450771,1007.9029203103838
29.9919931649818,48.74412885968031,1010.1053337127862
33.804574431180164,49.037796751314346,1012.3224530443616
31.837083304340826,59.32128618300518,1008.7386001899956
36.61272983004623,64.31631629637597,1011.5736238442852
24.9306097484478,67.39675468117834,1013.3014268980805
31.489282546882713,85.7199531749497,1014.8424529300139
28.733368022953407,37.50567545799236,1014.1659897438918
36.75921173287069,66.08735589124417,1010.3127581447893
24.766806858579393,54.42869427427769,1010.4134729038256
24.641112631276897,54.135848511112265,1020.3964342321001
25.602429418223913,53.80227871746122,1014.7995562729972
19.504417102760772,50.91230329192027,1007.3127053747191
25.896979913276954,76.84524834603451,1011.3999526550622
24.963469353785207,68.42297327013902,1009.6594274448872
28.60157514590483,60.23195978557375,1010.4586630643075
29.367023903108638,73.51015752487001,1006.0820193691676
35.504683356863545,44.874710347011245,1009.3523070624561
31.8016953527442,46.69294868669074,1018.2462230927756
25.692385377350387,38.22032267805312,1013.316305203502
24.406341314606568,53.00585459876712,1001.0353543673941
29.967676686026024,61.61698526704753,1015.8668939699918
22.71906717191743,61.02858577932334,1015.3585180916366
35.325835063417415,61.49341911059881,1009.5628587827744
32.71776048288515,45.88943168933918,1013.8690541751329
26.123297391581183,68.03154742614022,1007.5624031567312
21.14746188363649,62.39627518238998,1009.1189771349345
33.41548949666165,67.33054281465999,1016.9941854426794
27.54184061898953,41.07237822409948,1009.9130798405212
32.95126524789384,63.1149085879779,1003.52107335218
21.62228936482253,48.12234760082473,1010.7467871088746
25.60249990818491,56.026767474486384,1010.6856464283426
28.020974798872732,65.34364898636383,1015.7934742774938
28.187922375058967,60.91093606255913,1011.0573456887031
26.199738114083026,51.48460020220681,1009.3136707542388
30.491399729389997,60.06273156184418,1015.1802245809248
23.729518282469623,44.68464684756357,1011.4831609300045
27.430482059914826,71.50267395898297,1007.9999092737371
28.481182526847597,57.94715980503749,1015.6199902421665
30.057755336234997,71.18549944255327,1011.7746470580672
30.84645951235556,54.73468312903957,1011.0117038667178
23.501431632648522,54.76424011593417,1011.7116335656466
21.863543317057513,52.35813213362154,1006.7173265143336
33.11070728759404,68.76173931693076,1008.8893848952866
29.329256047918367,52.905688426715244,1011.0143304073312
25.006053853773786,66.44595432415177,1010.2213452199013
34.20460790209009,56.1754760233071,1016.0897135312664
28.462698537171434,40.240367001083804,1011.869623410908
32.71718873625531,54.29685932213534,1014.4196156905456
28.270073925640435,48.208917856371514,1011.0375814183034
36.24299169952795,60.33902723682338,1015.2251539349845
35.021363369772814,48.09592264325509,1012.5901110262926
27.004143406083706,69.25975100714616,1011.0536819415538
31.88628380381742,59.08924139646973,1010.946867644164
30.58150379834059,58.22404005241261,1007.1822454948361
33.47452623012939,66.55892137787583,1013.0276628805452
24.140306157679582,69.63906934075862,1010.8391810618544
30.744205839993757,59.79901248230348,1008.9920321592751
32.233697947398355,52.28799700450709,1015.4258470832483
20.965042054307542,42.260303838878706,1005.9991358964207
23.2669659493369,53.1395024296482,1009.3100164182703
19.8430712889596,53.827877533520386,1015.1108749951181
26.92237266222177,61.070574529922965,1012.262091763681
30.87016902318385,56.54853118861973,1010.808564289389
34.009428208384115,66.87932972051428,1012.0040141726006
28.296379121679102,53.87016728729311,1011.7176566841954
34.514462182285165,59.42958833147058,1004.9333498148563
22.479594167140434,71.8398744319689,1009.6029524586081
21.186470242579382,63.418252139549665,1017.466086618055
27.777809204413526,59.39962458311435,1008.3627034608913
29.53626179575723,53.98055558064823,1009.7267959435827
27.86922100762363,53.66768603285023,1008.8335169467632
19.730231599840494,51.493867470480524,1010.6519391067275
27.643519841948848,54.589931342171006,1008.6675086747028
22.78212199798059,67.55665838744315,1012.9469660086322
30.678690195320154,57.781117287077315,1011.7892536491611
29.466392984387394,46.502269306187685,1014.0941904604281
24.240480854690578,77.68169293059783,1006.7962353352442
25.944532330653225,63.19965191145163,1009.6386380684684
23.763145912444195,45.9305659948683,1010.0971094735514
27.749283610907312,55.58151072759176,1012.8225876403544
31.820569282004953,61.10886382828418,1007.8271152111719
24.057095814657824,77.04592093297377,1014.6626152170334
30.016186062071377,48.91887541741131,1015.7456623620704
25.878969526510236,69.76040719355947,1007.0445106094577
24.828508670950622,73.99486426972344,1009.0365084204258
27.57187856018177,53.7134569492543,1008.8722739668316
23.859030710322504,57.22486381139767,1021.52954481871
25.78540277861127,49.6369075262623,1009.2803995791685
23.208488429644607,57.96538858919695,1017.7105017686246
35.858900531665554,59.63410025657069,1005.9334720195735
28.141054207886913,66.59649998082371,1007.0413961353426
25.201097968029657,70.90183471020447,1008.2535818726072
28.85591964293689,52.519039353783526,1007.6172427542139
27.55068780123668,40.326749357740056,1009.928405063366
27.116121601867107,59.78755220723758,1008.164887189114
30.4566668001737,62.935375299686406,1007.7226336290618
31.03003084018922,62.49417687685042,1015.6338879858934
25.87799540955789,56.73326752490956,1015.8951744900527
25.69672703742128,61.247520996639345,1014.7971859935012
26.899793211393423,75.15444808352248,1013.0959958223373
18.79231534105766,63.817341689625096,1011.3709722631182
21.939235751205793,56.26631574996915,1009.0118772373364
33.4674970697781,54.99802182904004,1007.1873699809796
34.57987085400514,58.301476423222695,1012.4519828137308
27.003855841774488,76.3673996183064,1006.3054784298129
30.306227852223067,58.166992904738024,1007.0243162832984
29.245000618174146,59.80205655479292,1015.6116530248192
40.0,55.17686429063697,1018.6025961668884
32.4782996457383,70.98983357441965,1012.5731805526659
27.488329634076933,79.59837254744676,1015.4258286091786
24.177838237598298,64.50613049431388,1010.0166067302241
21.57421471896971,60.827729037854255,1005.6493032556492
28.813854543468892,60.367828331742345,1013.4486864744744
24.974597018862788,36.15693211214254,1013.2771572930802
22.310985161609302,67.45150864284817,1011.286674215521
25.413708463029895,61.341664159958434,1010.0304981675796
23.67380798554242,64.28342050660726,1014.8488423143244
34.748566540290255,52.88537805916295,1007.0570678662901
31.526559027797802,56.15543121022908,1007.9048776844373
27.96810943473353,55.88975063496827,1006.9675739729582
33.919776555560105,70.21622984073039,1011.3398918505433
28.309473230590473,56.212401633969066,1006.648427951563
24.554863194686945,80.82660322109797,1008.263031277939
34.092496309078626,64.30862419015037,1008.1769777510912
30.155640174738636,47.243173400042686,1009.9575666706642
23.851015382694175,58.71453706748043,1005.0505022143841
27.238645287665566,53.48324877843584,1011.3488199681491
24.497526986460972,38.056175301799755,1015.9892146026588
22.468801076142654,75.9947094011379,1011.541965489267
31.704710190126566,67.03142542220004,1017.1652845792053
35.63766656188052,65.33207317899313,1016.3359927435077
22.405729704723434,61.654036602997046,1014.1109401889914
30.251876946762284,46.17982431307563,1011.2987433705475
25.397429723512694,55.163828604445634,1011.0900015529818
26.051498464941215,68.41780774784013,1014.055199089453
25.630424303044524,49.487799702174975,1009.4333175619839
24.544036921280735,34.682306837491865,1003.4699169941301
28.194086511779307,57.72893992219074,1012.9680162164118
24.67619953435585,58.58242445972461,1006.4757254802602
29.081827303119354,61.35563416414709,1007.1514350872385
27.79904756220345,67.28518643514536,1011.0008957919831
27.04420781253436,66.37605812231209,1010.6195004897861
24.369745351833608,62.587698052439215,1005.3516975747375
25.69291467772667,71.9553138808671,1011.6619662565325
31.021564903303023,44.81030219186685,1014.8645586434442
30.003668750497525,65.0458181447739,1006.4866337189369
24.089779020805796,66.26538363336942,1016.089933323395
28.3973292217169,47.6043771391976,1004.7593166994802
31.005548493487154,44.971293913176105,1019.4692965774838
21.322378875514513,52.54057873524398,1009.3549582780661
30.17344076951974,53.38458557484708,1011.5824679873076
25.349504964216614,67.5341946350243,1003.4318657100573
30.282394674372636,53.85461216308905,1010.7514557341227
24.94696337382993,51.43651481718796,1011.9139287108727
20.780471597341922,53.883662633054406,1010.655351583602
21.48983024846735,71.18632334154212,1008.7476756917905
28.19233978664553,60.13043374376952,1007.2137419258887
29.03889000688593,58.20748974643088,1015.5221064781492
24.382733499582365,58.899945012989484,1011.1232285399918
30.554369835109497,72.92060334326523,1017.163009506067
21.35391975092416,52.50828273396758,1008.8940705808203
27.735680805410734,73.15508290940105,1009.2608212265111
23.155935200950175,62.10496298921504,1014.2623769783846
25.392655568791362,58.395806180246524,1004.5081001519858
28.189594685265657,85.00900497934282,1006.1461465593883
24.55834653886419,49.44360510201403,1015.3899398854127
26.4617778230807,56.46314240432994,1006.3122642831072
32.02517123685776,47.67568760835999,1003.7237959387899
25.692432521907406,69.52461970536169,1018.4741087522924
31.342768448260568,76.89188933651678,1005.4247294085031
23.481172581369528,76.6992278140464,1011.7364775933127
30.11921671166113,72.23948753146004,1011.276340770897
33.7662744826316,58.02379532204034,999.7574867335277
18.113421999490843,56.347590225101534,1009.9307319073288
24.812418978118092,43.28830227505935,1012.7936529979164
30.30828850872216,80.35873535181793,1012.4172375260755
27.18781845582803,64.68978078148467,1014.614082735214
29.484583493485236,55.08043095130517,1009.4500347403782
25.58405925313672,73.28056888986967,1013.8500177683686
28.3463591498916,50.27235483239999,1008.2426837276797
27.37729105843168,64.06622034222674,1005.3581303343489
32.67112824663923,58.27370865709165,1005.8090864972751
29.017683373204854,66.386771398803,1005.1515581792183
29.35041064830081,59.36426460813878,1015.0383438715647
26.35249213551013,45.49072108888776,1004.9417059637658
26.049575103710026,60.75576372670038,1012.0961553625972
26.269767248721518,70.48864141875362,1009.9363032237103
29.577808569513188,59.70783594146015,1010.5894057061975
26.31606207671895,67.75115121589086,1016.4544291807988
29.15909942758565,49.54470514325947,1009.2462905311389
36.30160319458176,59.73739206730148,1013.4464062461988
31.48449881372677,53.75489544911423,1011.1502534055245
26.695905871328634,67.4698084010471,1010.3919243774692
32.80485568865578,60.31491562261996,1020.1998764975459
26.367698507913794,66.90073676336613,1005.2346330171385
19.847501859288585,70.87710426157867,1016.1565273417498
23.967654756330383,66.91618575121389,1013.6256262619598
20.51683231589658,62.731184342936444,1009.0819000214728
26.593946063834764,50.017877414885945,1017.5172740697665
28.073673516758205,59.972138893330985,1003.6075595504459
34.70574924910113,54.66909597984167,1008.9129333708037
29.30770949505665,56.55936043295773,1006.1660711829237
27.123597884764543,56.25465849249749,1012.6483338594859
31.317622324733957,50.20074425217756,1006.5477435952513
19.15545876396846,40.426614108660104,1012.7322557869653
28.942458232434262,53.318569516722334,1010.2542543367138
31.083460775547866,61.93379451924159,1009.0825842293757
22.085655016880633,46.5182295457251,1012.5545889841333
32.575016172827716,60.15682236471624,1009.9255135042478
29.353985629977657,79.00268424310966,1006.6454606277639
26.338848344396794,70.23056555252239,1022.2054919585399
30.53112746442514,76.4354150912053,1009.0513312678834
37.08277143121758,63.91127876932726,1002.1295636793919
28.727465020233982,71.67509822986446,1007.6316052411145
28.992882345201345,52.760352695322126,1005.9308932465091
26.162556401839023,53.55659732978016,1014.3045824641621
24.60062252214083,32.60859793862527,1012.2866106383664
31.32134326617698,71.86145474042299,1012.5948512071614
24.57566469636453,75.40323979819885,1009.519910136651
28.28626494887757,54.4682275465273,1009.8825990117723
26.089370212939535,57.460482936027645,1009.5162755855694
29.915919302985568,52.46137886309039,1010.6752272634582
29.334648421147794,63.82653551477492,1014.3413337414594
32.1501597770316,71.24932545303241,1012.3443016500214
25.959934404581013,42.57228026118959,1013.0004513184834
26.920500258826515,64.09438530642252,1012.9982356329969
24.084945136870772,57.233282282808545,1014.537769749527
26.222826959695553,61.13394391966689,1012.152600166161
29.509201972179408,64.58994001674291,1012.4353922907156
31.027954466581406,58.11797561227179,1015.7552249647727
24.311338703289497,58.964131465942195,1008.3398163279876
31.47842368042264,57.86124832445361,1007.577029680194
33.4225514352198,69.70316201788282,1006.2563136032526
29.653739612894803,64.18759960127497,1011.731658254481
35.507183250232266,62.20583537737361,1003.5850710351235
24.904843203585706,47.290482789077174,1012.8486163842387
23.021381186754333,56.214202567868455,1010.5632276219978
20.885119004382886,68.98669160339175,1015.5385587992843
33.98417724595673,60.37696573123923,1008.3123307581401
30.61746262541623,66.59531469589139,1010.18672685833
27.77766131635818,77.66511800327633,1015.4888133331734
29.11987450527928,70.38606069208817,1016.5325425871126
23.498043810806493,60.93158337699742,1008.2793905369928
37.783007918467305,54.890108298042726,1011.7271249303486
28.51688472790091,34.46450403944102,1012.1776759107362
28.437579178419572,58.316150775271474,1012.4946136224846
30.903066495594768,56.73987504183151,1009.9496973627375
29.924036926946854,63.90366194395376,1016.1255335924945
28.895536097116526,58.460947730253125,1003.4411860655139
24.83810217821875,56.79614940563206,1009.3154790607956
29.885873428543984,42.2060106949278,1012.7917229310918
35.52809798590013,50.60032170849934,1012.8288992477974
33.38168018461991,64.76651040800557,1016.4110361224591
34.37274650655759,77.15907631132694,1015.7929015728051
25.95513729427526,59.024746162543764,1009.8578334987711
24.041580718965676,63.27811073574124,1016.1994849741225
27.49685231960141,69.52478156952806,1008.1438330248902
28.22289964915478,51.891060637997505,1014.7235495311674
32.37676607388379,63.66814043285442,1018.242089913684
21.230141481140723,52.59509893667841,1015.8597764274199
34.11820127784245,68.64824438491011,1011.4230815340965
27.367968405684042,61.514030479517324,1009.6728849129115
26.29247572021032,62.9845181398144,1004.8856348149628
23.95158249895933,52.17401402581411,1012.2421585516569
21.380573312536924,67.07032359610785,1006.5391310881163
31.29268233584766,80.84712921231016,1007.8274613455443
28.293271868753614,49.92088304571794,1006.2370167970533
22.840156401035784,56.60240992352476,1009.1584306693734
22.819684911745536,62.31607474168092,1010.888122342052
26.656861202839487,67.86406211995816,1012.0944583246628
34.67608610115757,54.40453714710531,1008.5979734583442
26.96163459454558,31.6696970985726,1015.2771348255808
21.987428187527577,73.59189494164025,1010.1671789680402
27.01702774365622,67.60506119584143,1007.8491102669379
26.90910572100932,42.57052469513335,1011.9051690689737
17.212453428233715,53.92431208220444,1018.8542113341753
27.782820533928753,75.68182429527326,1012.3406422661404
27.076261879165287,74.47796418457867,1009.5485774905055
30.784825459253675,69.38640022678945,1004.8901545755252
35.39582437978138,58.238875660401376,1010.1223507161117
32.50626011819103,60.8298741881251,1011.9397125003525
26.924445237780677,58.69074194873873,1009.4496764349777
23.57389636503332,71.28239783268837,1004.338461447036
38.293439212999445,51.2415759350489,1007.5977384419863
28.23687373605795,51.94200345115795,1016.818153843551
28.055717167651785,70.10274586836016,1016.7360040149218
27.903499651559986,59.556385444884384,1007.4534433231817
28.79233904307142,73.78467355453807,1013.6910271487977
27.42255835230423,53.28487793019454,1006.2857088609193
25.705351972479054,59.452216396611746,1016.6172651279799
25.81256423503843,50.77587015156047,1011.980943391577
27.868986919136006,60.07362681423567,1014.7985659944661
25.82630091546494,45.21453063001201,1004.1396266112698
25.14861686929134,55.123665790450374,1013.7105484076995
28.425720910767588,45.63746135071882,1010.969303745262
26.98009113031658,66.93923233191258,1014.4077162831634
34.01597195433075,67.16589339759652,1014.6594711923914
17.396120766427952,42.697372695156545,1011.263138757899
32.36602740768985,73.33885745500572,1008.5966814436164
32.98434076999052,84.97415126419854,1014.118784728718
19.706439070367402,60.46006386736341,1010.7593820023795
26.629249623678604,53.58885739775355,1007.5088601858894
26.514236536016835,88.24330591003047,1007.3193910741693
22.369953221128714,46.8103150169749,1005.0913423347505
24.8887332496365,60.20106466869098,1008.9588353617478
23.557696618136685,61.796222726319236,1015.4107681842975
35.00908177369449,73.45147620452414,1011.7113191988217
31.742713572589846,63.59738975126788,1008.8809291763079
33.08622037997664,55.01366104211549,1014.2194237527203
30.886688256172942,50.48815629612044,1007.6700935131064
23.483792915131083,56.581781797538646,1011.3814010973311
25.901918934880904,49.93072639054856,1010.281478509098
29.957498244911672,60.47825319784683,1014.1165225023534
23.111488764432217,54.35803820139513,1004.691086516322
30.851993720689553,45.059622067102495,1007.5992090167414
27.03869840736746,72.55145788374904,1004.4470173636219
26.50071676980161,55.02327476570961,1009.961613112763
30.843839872813966,47.318631950246875,1015.8457100145297
29.77705324594416,58.31740865512459,1008.9782111613858
26.55613533672368,60.68371565967659,1008.9572642472174
32.63731921345699,42.53533274420967,1014.4868976967365
23.67574668960041,63.316476671257625,1015.2741982338212
30.463742427777056,49.528424313097354,1010.6457157309248
30.372405031873534,77.11028809190788,1013.7388594161996
26.761814242744038,65.23960512076735,1006.6921818364882
29.30453208896847,56.001000098906836,1016.5118973357016
22.995545694458787,52.5483222968265,1019.5948251757482
31.696108076827603,58.95032292436376,1013.0848631647549
27.260391454228042,66.1279074158329,1002.6626735146288
25.90910791792384,59.745058714148,1008.7670789504089
32.196036903347554,57.82841192863143,1013.4513012866773
25.18262523782896,60.58370290817896,1009.3140680113346
22.366154814545762,53.961410687630455,1016.0887942170004
21.773483305904385,56.56794073156962,1013.3526290577435
30.42403980538256,39.14207561094996,1008.1740979969368
22.87828259001487,69.73726230852368,1011.1290592430851
35.019176727937456,62.98797780321762,1007.4246671174436
19.672282368465112,52.265441559665696,1010.2696604863502
34.78582547316015,78.98734981355238,1008.7816270382698
28.844069868810475,60.87016480392386,1015.6990472009321
27.61314755251843,49.63856428024803,1019.4640482273239
25.820323652764202,68.56737421470459,1005.275246667057
29.596544457408285,63.980482165092624,1003.3071348551609
27.849461190300605,63.94579985484219,1010.0193103125945
32.41320752806609,55.7424439534841,1004.9263372046853
28.456910594648157,64.50495723778035,1011.1848464146836
28.60120704584751,57.38241709778905,1013.9957444552238
26.545551151144576,65.55941451645842,1016.9765675890673
27.77221750511573,40.95055545989361,1011.8055782348612
29.231207075568236,55.661265370208106,1010.2273791006016
21.159326429373497,77.22155097808195,1003.0864603337077
22.607258311577148,52.32932544599699,1011.1047405967432
30.97305637609086,53.961617025068136,1011.2851490421979
28.683461752511768,55.52038661550025,1013.555827256851
27.264066654589282,47.85193864111356,1008.1660475938836
28.07373573226157,37.91719223771748,1009.2597895990566
29.390326821446685,57.69413601476387,1005.0879909787833
25.840961278762553,61.35859424081657,1001.8348287724638
24.88678109839075,59.474949314613475,1006.5660116368128
28.783381020390728,58.55121438052113,1004.718696742988
24.08650888953987,60.430408708503876,1012.3468491816825
29.633011022857886,70.22841471550764,1008.9274637733325
21.189665583048637,58.09553814070783,1008.8470514797009
32.116622549302576,54.259174229127304,1007.0623478152992
29.890389929652173,57.188745151119136,998.0697382699502
29.0241189372555,65.79346759756775,1017.0332429949902
31.930763935782057,74.1202687854325,1006.9989179088928
34.66189777785031,53.71856260830822,1009.3503197206004
32.05748026007252,60.989337870288836,1005.1804313388427
20.63650307467342,63.3835744193596,1014.8877213737626
22.881692133057193,50.07421993271177,1011.5737157481493
25.500725689217283,60.20417167212918,1007.6945388589365
28.104364200843335,45.34326142657905,1009.4310815546239
30.070636081876494,42.30949696260601,1017.7127196884995
25.097024747386136,63.66746407892257,1010.7081222724748
28.747067057908314,56.16125258669217,1010.2730658495364
24.97846827058671,62.02280407621219,1007.2344740554429
25.553928788032206,59.8210502299165,1003.4216753981108
22.37335561260711,50.235999513362025,1010.3598453056826
24.307067015556385,59.547456980356635,1012.3019404492985
22.593261577534665,47.668986949851444,1015.3983378573107
24.09650698809067,73.909723580014,1002.0060138620014
32.21456718643136,46.440296551400365,1006.4996146919079
24.20240444467223,58.04214729031418,1008.6770356377742
38.52952825934956,49.57728411952752,1010.9860766057072
29.973271603523557,65.70421173360796,1010.4198652338863
28.739344494779495,56.68568628718497,1010.5132452572509
24.566568879275145,54.8133328037879,1012.6323842342798
30.801239517635967,68.53201545051554,1007.3868275568835
25.697448695048905,60.29430591677552,1014.7365657689347
28.488039258581445,65.16644445935967,1012.7338097667979
38.24033815307518,50.186740634825355,1009.7206709434877
27.6157604011014,45.95183056072493,1017.4036319675556
32.59709330514271,61.07207962040134,1017.2256641422871
25.18729429949645,56.81153644505269,1014.7315814207752
27.860046038012154,66.26434672453944,998.9257729177289
35.08320254254204,59.2009154733745,1017.315780370872
25.49213176884893,62.0507533923463,1014.1790340898878
35.249794231987714,43.76617470058757,1019.0256345508517
30.831007741821903,78.88436939614257,1015.9498583669341
25.75013289642293,58.357580149679684,1017.3133707099892
30.529630956222086,66.975869703392,1014.5146194007215
31.89021779850692,51.63908329780374,1016.3947727945821
30.487239848868786,63.08009902217341,1018.9764949629377
21.719101120438175,46.97155236475255,1011.8662189535128
25.091451296700527,64.52067838259671,1004.7110778236874
27.00992545779398,56.44025915614167,1009.7701563999394
27.702266283599815,60.291905039355676,1012.5597823975337
30.48268839020271,66.97974030130098,1011.2995503374863
28.710804003733017,47.6745968877972,1006.0137521353623
22.658622565159597,53.15508269387203,1004.47572949922
29.520791404023853,64.57324281086765,1008.0353493254606
30.442342981135294,80.98221474546747,1014.2309582239366
30.239161791724158,58.61917665338518,1017.3213590832919
32.323122902218486,65.91136117923932,1014.6662704551109
31.335688618195615,58.930285301415196,1015.2297091484565
29.83672031691375,79.422455947563,1010.6767377073458
27.719337154165412,42.52778333034745,1004.0316701691761
21.356156265936036,60.94621044669358,1009.1791176764692
29.718472876530342,43.744559664379395,1009.9649423525104
28.830750748652445,34.93428429463283,1009.0117900526573
29.086315348781493,62.97462053117817,1011.2187794614985
22.893005696718763,61.39497796147459,1012.7656790395718
23.67577383836695,57.15163062257798,1014.412060752974
32.212611413331615,58.93805909960247,1009.8875205425346
27.84177938457338,90.98299434071258,1003.3849623774216
30.726002789490497,57.418248619685656,1009.0684891228354
28.113273504521846,65.10124361250075,1011.174841587968
28.119024557982982,53.50635180386119,1015.8912316885336
31.75313522390399,62.95232575040603,1008.7287686312636
25.935821087130506,57.61766324944382,1013.0501745135977
28.384483107763934,55.8948151727027,1012.1603515985418
26.15089884517983,78.18898532200325,1011.1756021324935
26.262015090270737,71.7718496318434,1014.7221332772983
26.763311506125444,61.36746647399231,1008.3566352129897
28.88853508653485,36.95788064056033,1008.6992542014259
26.08500551334609,56.389907767474305,1010.952396707623
33.023024502294085,87.03027564405083,1008.4394139796252
24.421570791121983,57.69338333360292,1013.0320491642184
27.252513423354564,71.03217572053659,1008.1472307825354
26.2410757669033,74.419424019526,1011.9052168309805
33.78791153741493,62.18963915855975,1010.599308924853
28.7862191060463,51.58178368131848,1011.8597038591068
32.12737815787454,35.64687668217111,1009.1610344197478
22.057758507852114,66.84163208608955,1009.6436468218927
29.068201063477034,51.85243997176452,1011.3840370719882
31.558523182493747,61.76150451887692,1011.8082980246453
28.3291359571017,47.50179660410636,1010.9831923384354
32.26192150026141,57.34762459529798,1017.8214494260524
25.930846199598513,60.33719054901053,1007.0370523250349
33.63738976074232,62.68593581044298,1010.7431848201892
37.195592494477,48.85177812647586,1004.705483911532
26.548645758241364,71.96910948761352,1012.4883259146695
26.217989914396913,54.03105215268029,1006.5390138544927
33.813537908470806,43.255305395467545,1009.8867589764936
34.31828858292285,58.90976580036536,1009.5117426986747
25.908559891386926,60.3437530902646,1012.1235645064047
26.319252731616572,61.6058943317176,1008.7888363298193
26.872861564557972,73.6213240368508,1008.618777209224
22.62219795586289,57.6355116326414,1016.7434258563436
24.325392214063207,58.803803756312284,1012.138267161898
23.98343693299173,48.96815618766907,1008.7557965919109
24.928809739583485,68.20553502887897,1009.9966653127551
27.861260450452875,61.843090640781035,1017.581419809083
28.936858930146084,55.79972272705837,1010.0593404869957
34.20200197125631,40.953253065345365,1008.2428935073905
24.006583837044836,74.44412195055088,1008.2600153994945
31.937289593906335,47.72320035543943,1008.8034940760417
27.144044623097965,54.08721990630294,1008.6220091102931
27.802145161390268,63.58344511076003,1005.881408606603
30.699277968666415,48.034420713833136,1006.5031996122121
23.509111913750807,45.064902217468564,1007.6827185025545
29.529638984736202,38.76052417299335,1013.3662840738124
28.665808832852225,67.20996952905635,1009.4750508509085
29.969805056032598,54.54813755273678,1010.1713532436238
29.15667457563127,89.2727009247333,1016.0803521010196
37.82120055964358,50.05644934369127,1016.1800285997537
25.449040062994737,50.785489765710786,1009.871500227449
25.876012179992728,54.346070297145985,1008.4765459572664
25.507437894300942,62.43134655138489,1007.5422787453058
25.77809152335898,55.29796661214689,1013.771103078833
25.45045149077393,66.12332214002512,1010.1811710659108
32.756066124430205,50.21411610011346,1009.4540204387089
33.68201699195942,46.18408281536419,1007.7453416994498
25.717014825002096,42.01785260590893,1007.9213343639544
24.670577707583085,37.76425832062803,1012.280232765973
29.885662225545616,54.81930980524943,1005.738246936451
25.791107822876114,56.99019687606778,1014.9794747751517
30.531727271022042,53.68562972516817,1008.8646214247403
28.811692083405198,72.43405797187162,1010.4014562229928
21.937023540011072,72.28030209608136,1005.6520881674378
34.190020805320245,56.65197012555498,1010.9505362470305
35.183510692382086,42.060788868080365,1009.6867162292377
25.548845238062455,54.33294891944947,1010.7996776045742
26.449193760256062,54.00178606082939,1016.8868355934476
29.14346156289962,53.42865037721942,1011.710792183161
29.337827159948098,53.022810961017555,1007.8213632634167
30.63417709069132,53.465371042751926,1008.1547203578137
36.040818155065395,56.134583841022405,1013.3805247436551
27.2922110900238,53.64458901184443,1016.1947731639737
24.806811021846187,62.08322508625592,1012.1276720830042
22.482723087941892,63.60368715904861,1013.7548509782191
25.076279840232324,50.8935491281751,1013.4389508933468
27.867492108504813,72.71065326007033,1016.6762576534301
35.17823145407115,50.19937698159386,1003.2016393090959
25.929554803855314,43.82199386184663,1013.6688757572181
28.895151806555592,63.807780713650516,1014.9349441756143
27.93430841570899,51.825918655856604,1005.6451051754577
32.75357309379233,63.21291470757388,1007.4573272639743
38.107729703494485,35.9633139889947,1007.5968690054874
25.876524908318718,73.92455941483067,1008.0848392144904
26.042242229927112,66.72293408040402,1009.0731317962579
32.176643508276285,44.99523450836998,1011.9704112522197
30.727565958505245,45.21222876153715,1014.4626986046695
35.386829302944136,76.72265904097527,1015.3252678310741
30.335712741303855,52.626200965020416,1007.6487077553289
26.56283163685176,51.65815151267376,1007.6211880051881
30.362619322769238,37.33947905850717,1016.2632873600649
32.43481432233163,56.49221794398446,1013.5869757416746
31.281928724789456,57.722803851642475,1011.331459367476
30.02909612442919,67.15493096769485,1012.8933467022199
32.26669875835662,46.00921571815525,1010.8807848725943
32.67718236178269,44.7971320775939,1013.0983387321904
33.52863596415011,64.50962634776477,1009.655733213977
30.59483955035857,70.06730071227065,1012.0752197377569
27.331527678732584,44.28847648882117,1004.957815798522
28.58685474573329,70.81514086299741,1008.2488628206983
32.82603586603343,60.375418414868214,1008.2919552928387
24.732257316051054,70.91805339074645,1009.5024398671724
29.474693235491603,59.29779638482383,1007.2939469808811
26.426644750690556,34.777220825120494,1008.8658254967077
28.11497929173927,58.48032617683961,1004.9423437504075
33.11380745042919,70.6014381867127,1013.1948019055797
28.764396272079612,51.06253980916286,1010.6699459243545
28.185746192624595,56.12035031092548,1004.179169568896
22.560575436080324,58.23866496449022,1007.6606803578134
30.985014264108884,31.00486120131518,1012.3464057102486
30.5819367245643,76.71347575437477,1008.8279122144569
36.65301889322184,50.98624320102826,1008.2122341594476
26.768887060187996,65.057354324728,1010.7016292919677
28.876601310655754,59.132988638517915,1012.3743901407129
28.997534734843022,72.5761905635936,1005.2545901718433
34.3098131190539,64.0605612242808,1013.2005139248715
27.61881787045219,57.65075728479025,1007.7988268735705
29.116086103081358,51.0648490748072,1010.9282881270008
30.431586038866158,67.97850701382139,1010.858319437234
28.74643649262543,41.26558696045383,1008.8917355270409
26.214265541797886,66.45890420275893,1006.9053610154772
28.77635997159323,49.00955248445128,1009.857253807631
32.294526999439086,72.5228366195664,1017.5013212363008
23.89393880235576,61.61299542662695,1005.5532998781455
28.531878696587505,66.44123767850108,1017.7692520764195
25.199516740243308,60.819888138247194,1009.9611153156939
32.78018651569937,42.47622904859003,1011.1414856683546
21.9072523808649,51.39270836604662,1006.6531567544611
25.764312610913645,66.72389337611382,1007.9149223332901
29.508847500258085,61.66655817359844,1008.9883613998479
34.262096116937364,71.80989905305672,1006.8172201164883
27.73699895570805,64.03274563037172,1010.1643281705166
25.779201893227206,50.3329810929734,1009.3719364327729
35.52462827776236,52.03935862279366,1018.4031245697429
22.207944398335023,61.02917390523237,1006.3361032572782
19.204776173519672,36.859559339998945,1011.4107620669944
29.76005780021333,76.73441885622985,1011.9913851276073
25.991783102589554,64.41746736377557,1006.7187178053927
23.91506873147715,72.27034597048872,1013.7473099818113
30.833425789197413,44.19396059190831,1009.4066919484735
28.975202855084795,72.44565160355256,1001.0304413936677
25.743685477053088,82.31498911027748,1013.6393984484182
22.87878240531642,46.79121644622683,1006.5322364635905
31.48982931312058,67.71401794903767,1006.8089002154436
30.600804711834645,60.01109944687293,1013.7516083315696
27.60329654488247,44.55566151751756,1009.6113540703262
35.38654798419066,64.9288397185187,1014.671088602206
23.71966093469539,68.33603204837348,1015.8406643814612
21.897899316301043,53.98873447331153,1008.4202861587108
25.232367720475022,71.65916520255223,1014.1730499838201
27.81765593457801,43.33236593210802,1007.9781567944285
28.973357797290767,45.052438535503555,1019.9324636685287
27.03505576857468,61.365973955887526,1008.2281719818751
29.408221586057188,60.25385277972272,1015.10434976384
22.993842303238225,52.834265115758946,1014.3751601035264
33.775058416293035,68.09594435971886,1012.2643512884357
27.671395286429725,65.30894314215949,1008.3178273543333
32.46918332635251,68.58139070934016,1010.3944100322344
29.370901385510816,58.76863564647732,1002.3856475482218
29.827012876615136,66.02580267978341,1011.897680153529
30.279069120928817,55.54349696970006,1012.3984613241136
29.79083424006926,80.53818690086595,1011.5339976762455
30.570891039470176,51.87454229878014,999.1067753148297
33.316610120529724,81.05297429458312,1005.9374542196408
28.78608467880588,60.34887947089408,1008.0076360686054
30.836015030354048,46.24489110431257,1012.1666357327562
27.641057222851092,73.68079350488601,1012.1573556225719
33.76046886179789,61.25901388394959,1010.3191048321153
25.29443079176292,68.51124098380238,1013.5409821464158
35.20376173164326,72.23855918542593,1006.8950304987884
27.839368197422626,63.37955554145025,1013.440940022776
22.27689959152781,54.077591551871855,1012.8989684193596
28.512417659643155,69.7571337766925,1012.5102189313517
25.275793370100477,60.007555074545955,1010.2718382756574
31.362574195954895,66.85857818608419,1018.3229752993251
25.389504082790438,38.462694262085385,1012.9727827539596
26.21526626714088,64.46981717009852,1007.1266565469857
20.441837076217876,53.6141417485497,1011.9932219029439
26.190774723003692,76.5330963717853,1014.0099335082969
18.304482693484175,66.23087347889096,1008.6475656043027
21.664388706057107,62.398577458492966,1015.3570889877244
31.041658624577188,64.86309993350221,1012.528134822864
31.14320063460333,50.01559147123282,1001.6300866493386
29.70183024713986,76.23256690528054,1012.1986879093517
24.132095427483147,79.91370418416905,1009.3758833823491
27.809154575432082,63.92913510548216,1013.1487192581669
27.985589843637726,75.90403568573639,1014.7768593610073
23.36654124322983,54.308518013274664,1011.7806481885673
34.0135932070686,52.02886433775019,1017.6610089357788
31.509449162302687,60.40924748728923,1010.285172461746
27.116143304681344,64.34941038367899,1013.4992712922156
28.107543355978123,56.060133187568795,1014.2197702945493
28.83353123179021,65.37768190368485,1010.610616124429
19.833060526302837,63.06389482073414,1014.1150972319111
27.01129046991761,50.01693224708945,1008.6213080513513
25.272063008008807,65.18793017451722,1009.3097263239151
23.993519960420336,68.63528242521521,1005.7500452386547
26.87559882845618,61.71469317590391,1011.9656364654802
35.19074610739809,71.52648103261693,1012.3010067034173
30.56337144506804,47.82596206503048,1015.7170526343169
25.715284040868813,64.67950422131852,1014.1645600174236
30.290331125424636,48.29719293603225,1009.8608177734103
33.59742174634401,48.85918641766912,1006.2872812506629
31.698534731651076,53.6906916626221,1012.7314016100798
28.238521479680696,50.579398164257555,1015.4430126896585
25.412252889177704,54.52004181258862,1014.0207398952158
30.79289325445436,57.85849689288811,1015.3379100994291
29.573941541687,68.37154486331384,1010.152441875207
31.580772880110928,56.78840961294298,1009.1335241272974
30.540687206727878,44.14374293230407,1008.0523945910728
32.19821086127734,71.4006784649516,1010.7764141335456
25.859059153757727,51.629098663849604,1010.6856368161248
33.2695762625373,59.41279572895371,1011.8267105141565
28.7903984187696,64.46536506940711,1010.482810171858
36.30104349050106,61.99610418402783,1010.4654890810929
25.243248727641728,70.94179547521476,1007.8932237881114
34.943855212661,64.7900314339276,1014.766476054206
28.79164313385059,51.38690420302892,1011.3060722489748
25.394327985542205,81.78562173991662,1010.3022242628589
26.064456663782714,61.943334633382335,1008.0102829870032
26.71861076722272,58.52659773378494,1005.6723475584356
29.696663785607665,69.63925423055571,1016.2318567701974
30.091341952142,62.49450945930072,1013.2185548325273
25.705199984245684,63.99228192939327,1004.5043286297201
27.902581630956067,84.92183998600687,1014.0525692028386
36.569081434447455,57.248785717449536,1014.6899246809324
34.910172680402844,56.82239105982604,1011.4975044892037
29.74529467869613,61.16578512012464,1017.392443583007
28.1520139126728,70.71515935581039,1011.8668785684915
28.480125306873045,44.93465969809601,1005.3327058882032
30.454071890921668,40.34444108523495,1012.4606760041933
23.90882973920638,54.12884729379852,1011.979589206851
26.97049385030662,43.66077040940713,1008.5868126048874
21.325663704489642,55.75168652474362,1013.2942353475097
29.596892490421116,65.0249969612929,1004.3293389352366
30.588783758810965,51.09251136447736,1014.9622673097712
26.067254150802505,45.731734232186575,1007.4875131855782
34.295947053160134,60.69337161715348,1007.0602154995319
23.096937347990636,68.6254348461517,1010.5447009107701
22.14250047916072,43.050265614833876,1012.7318917121745
28.897807274239888,68.20232398305984,1011.6556962543738
32.188393210448616,68.17306203738326,1008.0293633369105
34.73571076583148,69.54085102156628,1008.9756428352324
26.16446294852424,72.18480214871687,1006.4678306104902
32.31472333372518,82.02013924659616,1010.1012803934805
27.845966121997172,56.439079513809446,1015.3000848580436
27.30949080023672,61.09571580077858,1010.9829482494245
31.534639749946688,55.83561566751975,1014.4376570190378
30.60929151365368,60.01976844755811,1016.8216053509047
21.694431372063,75.32873355636312,1008.6479259238521
33.906161398903585,46.54985516069331,1010.2537069877785
33.520365416589804,51.38950327834424,1019.68477144425
25.497749193961884,73.77180936504561,1016.7773736479198
29.583214133749635,70.2003650690209,1004.3103818967506
29.976120745130956,56.36868353182922,1012.5485932642437
29.04269506329563,68.5440200112072,1011.0022399693588
25.79877938461832,63.412158424920335,1014.305812443435
25.313506528247792,75.00274609000988,1008.0200849300597
27.89778371603422,60.745095938267724,1007.6415665118373
32.69091607703746,70.25632113872582,1008.2957171388256
30.174400618377728,86.4201191049262,1008.7122858152063
26.517542671655576,65.98099155047467,1014.261296667236
31.086794842593378,60.49328165794844,1006.2751953074045
16.605829517479698,67.2244698522098,1008.5095444001627
32.59506280148841,56.34719141796115,1003.8439504379942
21.0411448848876,83.87967705524733,1015.0284712936495
26.550236234387473,61.80071037695981,1016.0841203977245
23.521320421495425,57.27066679774487,1009.6917062765449
22.821274097116376,51.64310994979964,1009.8082025407471
32.64330714951408,70.97220191606438,1012.8128876091316
26.129195194752434,68.67187412827738,1016.897928029513
29.38601552692286,55.02645628585907,1012.6344429902557
27.812317684483265,65.76451345122423,1008.2098322300996
29.908163308892487,44.91444031787144,1004.5247097120542
28.307287564241022,61.849705750731566,1006.539494949346
22.86803110324572,64.52756352076695,1011.2928778012499
31.98506727778856,77.07329809559224,1008.3786899071969
26.02497366735475,52.291811972713106,1011.779870823963
21.773672405360998,47.21647371197676,1008.7883039350551
26.28753935613635,51.04572039074958,1006.7674142748224
34.00303916253724,46.634314996850804,1006.2918734741877
31.40088696845397,73.36657357758983,1017.2494180374929
26.605391462368562,75.48639295024037,1014.5559509967346
26.602969182726284,63.20216577948829,1017.9220718073118
26.71345979513047,72.21294945685148,1013.1598036030205
36.306991934243364,61.339583805802356,1009.2800343655407
29.527741808926212,59.04888352299234,1016.2933636899597
29.72016658876428,56.66962380946239,1010.867727994553
32.12113381612737,56.89609008622435,1011.8833670811614
28.955156636106054,44.52198443690969,1010.828702483698
26.963831416717188,62.64254763607339,999.2123831228639
27.214600603660088,59.596660897859564,1017.4189400491795
27.713594962343745,67.45360724077875,1012.964015783831
27.851111053960633,60.9352349643861,1012.319292243474
30.91051817454792,58.37296298430908,1010.7528957509178
28.207783543229198,51.288069699923696,1011.6537112815445
30.93056030886232,60.721532368217616,1008.610884256615
27.67713367956567,67.38237230816162,1013.4663174092291
28.31454076126436,48.566610089161394,1005.7716066224035
20.007197261871568,60.874737536807395,1011.7442737298821
31.665310698809925,62.33042951529484,1013.2462938822844
29.38595390359197,52.819352163817356,1010.2053234647084
31.992040439438608,54.12143695092,1012.4834711698841
16.41497848722524,62.306108487662144,1007.034662431063
36.35349881912291,48.66578981707377,1007.1366929164161
27.441641487379304,63.499237152493926,1011.9468684841056
32.432731266950064,51.046456263408004,1013.7141986184843
23.840376291497876,70.62853693033216,1003.5005373779932
30.45109562025028,83.378277453883,1013.0880825404431
23.786337747305375,51.392431982981805,1008.8271939984946
25.50492415721678,65.34207862374674,1010.2287756507703
35.656125415467145,52.732580951179806,1005.6419283057398
27.237270396946613,70.40954173797789,1007.5935310392532
28.86973149271889,47.34741590914785,1014.8645013021212
31.480270922755018,64.80586758427712,1011.1314534959208
29.98272755189042,51.27011033110647,1009.4688863931617
28.601675620574305,57.930154109016314,1010.5340465894759
29.459844009864902,49.68974724852693,1012.9568472986572
37.6136623409531,68.22350470895753,1012.7619779846533
27.769524811865658,51.63019645560413,1010.6998919984128
28.80439618685987,65.51964259331828,1015.3718364435866
32.20261758403045,56.55901971737667,1014.8818505476266
32.42210373183194,58.855276282011374,1012.6534881165215
32.74812122224152,61.477559074001285,1011.2184471316402
30.55492088811674,52.38175328341151,1013.6292843804781
23.427980349078066,62.10367113540887,1012.2570696872048
34.53372612920438,75.3033456435441,1015.2432002872238
23.414618427925248,52.219052141672854,1014.5982455069533
29.210541860956134,71.71810143273845,1006.9269843943291
24.98289659992257,74.98097633487784,1006.6561473170332
27.74344661362803,51.83845010971956,1008.1950018223837
29.31504964121392,45.449453949094476,1014.9045547602677
29.285428861801094,63.01960900171765,1004.694764012915
29.68768301694114,54.52592477233127,1012.5790295564319
34.45484507623459,78.68603219163002,1012.4501723643718
29.814137206055918,60.34807540499832,1015.6505922347447
27.023373458837405,51.97800591964821,1011.7213547626556
31.85634867315343,48.528404889882886,1005.6271624376644
32.757881955698565,70.8990495909083,1007.1625801574075
23.08956873945203,54.28816025915813,1006.2720179124087
30.38960027939943,60.43828799460428,1008.8482241346675
30.804690969243595,69.55802745112481,1010.2683937303043
26.80974598656003,55.157416480691694,1006.3382338951158
33.50282725324648,59.540711712598394,1016.8826479626092
27.399777651869893,59.8343159017748,1005.6988745121903
28.50230581388617,66.83324511516092,1016.3844136954499
27.30771270286452,65.90744335510325,1015.7406521257574
28.06231619032587,57.79886268745172,1014.5932101987562
23.614899652419194,60.636490614965176,1008.224933570013
22.239796469622824,56.282209884765116,1012.3698035167076
34.37802025289989,45.223875930805555,1005.8905154657975
24.61215460672669,62.57600857398129,1014.643628140135
24.034430602174773,78.92191760833067,1010.7040608738549
19.38643954558514,51.16280859308937,1009.3627191416533
25.44415300924199,52.26970290397297,1006.1050206133749
22.707640826370007,51.29272228356258,1001.089975525484
34.568060640545475,67.24591778723122,1006.8458365718569
32.03926835737054,64.4848545419644,1015.4511927824516
25.247398619289104,58.414623075835436,1009.3886662861008
37.009743221377235,50.81980938361035,1010.3226845715399
31.927061947966376,60.92376791639924,1013.6222174331538
26.70067446596551,44.353778726641956,1018.2226755124651
18.002377140505708,61.43426566857493,1016.3000186197826
37.16377029036297,68.71524386087934,1007.1106599847352
22.441710132945616,47.48800863366322,1003.2297177142503
21.418405012172432,44.674817231703365,1020.4384570364005
32.09028172803856,75.7943789169486,1020.0759664466378
37.759009625357095,53.88240360495415,1011.7538143857171
33.53709127404207,71.35947845943822,1005.9180470176727
30.25563648020944,58.460023348021686,1014.8529061355757
30.379017366661145,58.38045183058672,1010.5680652559496
31.41366223512123,64.38412699496645,1010.5480755075736
31.03571435914706,51.1600114325356,1014.5778353724205
29.124765695877503,61.32497143495645,1012.3374989874932
28.416804415807505,56.185105851759076,1006.2567403559402
27.74962748840191,46.795065565949685,1009.7010322596722
24.984141644533295,63.37482074726399,1013.6446117146454
26.877299692532905,57.36692193122084,1013.0410088896201
21.228172743218458,58.429751715552925,1012.0480662974339
27.606641492821,47.89839056585842,1014.7336918179035
24.045635571396332,75.91400367762805,1009.553132048731
23.585642731136915,68.76714186386116,1011.7146791008763
28.719576604613913,69.64155884171979,997.4976835992896
33.5680091453784,56.94555297558318,1009.2013992246287
31.673266424009253,42.7081711049658,1014.0556116343025
21.71799758550729,79.52917382489511,1009.4384221315314
24.04148745371865,59.38902491994132,1009.1350904331316
31.763084751952864,52.51200203979946,1006.8341881929007
24.070050425846762,64.16801574483114,1015.0134635709165
27.101467400011902,71.67120788003297,1013.1938530941623
30.20020839609821,59.76949443914534,1014.3016583912923
24.12662218054546,72.78575167939374,1004.0951441521685
28.42150202458384,70.82999938516869,1010.3581998269375
22.66389802032718,49.23618812597942,1009.879555969
25.594529424195144,53.262098943405235,1009.8777131736058
29.279127736570146,69.57537163279767,1008.5358898251282
21.628025065873324,32.873874361895616,1009.61558291288
29.761898951841594,58.50544306835011,1014.3985791308266
27.921448804293274,45.69168798375328,1003.3485945866087
30.20995981766859,55.23446198566475,1018.1091790721218
28.895656536258645,57.01179910970796,1012.9353645001058
33.456561719895376,56.41755622092492,1010.8306724173591
28.50089801059163,54.477387478873915,1014.6273365854917
26.282377835498988,49.02856350371186,1005.1926610193262
28.489190012129136,82.91911266818687,1008.3411963793959
30.17319211614555,78.67462004161351,1010.5156982704378
28.19544028130282,48.37934179743717,1016.4622414817287
28.16236676481553,75.82116751303568,1010.8140136754938
25.19203324877298,56.00534509527147,1012.8002186847406
25.34839632979621,61.2918747333171,1008.6416840162555
22.389578912801227,59.36726040103084,1012.94736827587
34.998306972747756,53.40251358746034,1017.7089583718978
23.02454705843486,69.83852343606146,1014.9821067666965
25.22837920881637,61.25886530576658,1010.6741760488885
25.12637093772321,55.234485767807584,1013.7019633890619
31.579697507777766,46.95410556199528,1013.3100678184288
26.82020128683189,51.064049862808794,1013.0263506867891
32.99096829069494,43.586198843979034,1015.4478134434416
25.306037503024527,60.122235484151695,1015.4179108153498
29.11597664889521,48.033344077156045,1010.4913656125004
24.65861178696097,57.34439487481459,1013.5675162459111
36.58059651109355,73.7010185361037,1009.4676203153608
23.24960632388195,71.99299572921586,1007.3077104147377
29.23928284090811,59.677231058973824,1009.922024977184
30.535107523728392,59.1291527385685,1010.6948873930417
29.655196389805994,78.79874549421008,1004.353676043288
27.258849364489166,65.20756120358712,1014.4413302376669
27.480717201066295,56.721935401234774,999.9306983095904
28.17524588791644,45.73981882879548,1021.8592677579453
27.411991993486044,63.93873218164743,1017.0075165351852
31.85551646717964,68.29323772582862,1009.9559651033107
36.842092006365405,53.683484754863564,1011.0377054422551
25.770032859968666,62.912027551380326,1012.2118874943492
22.52078808168369,56.36426705084971,1008.6433584480442
27.64687180659498,58.159676008009974,1011.7704765903477
38.31883735061727,35.12177942437668,1010.4240000891933
24.785301728121077,57.782185962838646,1010.6229091310761
34.55646722177627,69.69369302408055,1011.7258442539226
34.710803256305766,53.68597444433442,1005.745888806584
25.785647033168022,60.52526368215316,1011.1582788965346
30.275932316741102,52.4404929330808,1011.6537909864699
34.51358649251415,63.60441676292773,1011.5153984854237
26.483489036050052,57.834768024638265,1010.1366769782554
27.185678559590553,50.60758459317993,1015.5514311038775
25.673276344205426,73.32551467665128,1009.5853897804737
23.940973077228534,69.28932013532216,1011.9093036272927
25.40288981973597,53.950932360718255,1016.1891901357022
23.104238932950974,64.97788309417777,1010.6824954399187
28.136333873036904,65.3741200282038,1011.8578530698702
24.920107075765433,66.42301235011176,1010.6144614547404
28.93514364716299,43.05744104004923,1015.9494791742544
21.77641741518549,70.06606541032627,1009.9691017536549
29.32352092885783,54.30301037074268,1016.1334183091528
31.334115846435697,56.42172066558733,1010.5856484214117
20.025057429714177,86.37881752260199,1007.5621611062079
29.49622627939029,63.01873380721012,1013.7174926822964
32.91067596989317,56.13677524552824,1009.7813286649774
23.16143592523518,37.94705627244094,1013.4820035963967
34.690289547350815,73.89764133946356,1000.0823824603051
29.67607603746418,46.547903291913975,1011.0208210475798
25.179952576966365,49.96561096500496,1009.1615788049701
27.776923689369177,56.68647700912151,1006.7469652538749
30.23330765008689,74.16411791700293,1008.7870359926408
28.304021565649645,67.73239986665759,1008.7051874228293
30.155023969785475,58.4216249015974,1010.8080568205977
24.317305627682536,63.08292063638821,1005.5306941548602
28.67744329614431,53.99614307128894,1012.2650951210388
22.34514201238008,61.39653689565351,1016.4648591408231
27.555095754605198,60.73336744778137,1012.1237139877913
24.38436943414084,69.68769895681353,1014.235954436916
25.057880229640933,69.67178122438949,1015.3782498184552
32.94437270084175,64.93977382205645,1015.9459580487367
32.365240482377075,56.37652442453898,1018.4805547712853
30.43655248362871,67.41822294390127,1009.0031920068963
23.630748941309683,59.08031533796954,1008.1260640593555
26.73436620122079,49.18085631286867,1014.1338625932989
32.85239079991673,55.96712208089061,1013.8330648786296
28.56686765455962,60.84526983784325,1014.1027011984628
37.27731815992678,69.10215783664745,1018.557129817001
29.573271357577486,58.16471827842847,1011.0454796351939
28.768196465960127,47.90801288760394,1012.7046262385848
26.763534143189993,60.56741683296819,1007.0784469940661
28.534163619129128,61.134560400565526,1019.5412844959038
27.390120654477826,61.85837628902753,1009.6538203151636
30.832434706754363,69.1987151595443,1009.7671362873567
31.826809267178337,70.18923240089899,1009.613000435967
24.8560421579682,54.057891276183334,1008.4204165654227
22.675068185768886,53.838565419510566,1008.0822518046094
20.655178507586815,49.59801289044527,1008.9051828684419
30.031965307650175,66.98815670280476,1005.5368162877962
23.586533575304507,74.48820108337715,1007.8587283189471
19.38843762819007,56.849180720910766,1018.7958524457905
29.554314418123855,57.58569435275007,1013.9426205745655
37.971998069731164,74.66782556898976,1014.7036167069109
27.975716353840426,65.05557853215008,1015.7088351496676
31.353963097806567,64.36235704801055,1018.3365382574495
28.32731743419026,48.09083494026273,1003.9143097942247
27.60444138723543,66.78728069279418,1006.0804675388538
31.676305931951074,50.708636594902416,1007.7851053564212
26.838901823245394,48.65979814065042,1009.1210808140416
29.06956925628761,56.53228423233288,1009.797722437659
29.286791224784054,54.1420727655131,1009.2120897887759
25.327638185427805,57.78400305614961,1011.8772356525283
31.96816939814609,45.59018365475082,1011.1411815629808
27.300160973218365,69.58816306467672,1008.108660819287
24.97701936202862,71.27686294516428,1002.2978048920497
30.146039374281614,40.52657525859186,1007.0285251784852
24.406128072835852,69.78457805666551,1008.8030453867497
28.112724629476514,51.894713701783736,1010.0116822527691
27.963524013423186,68.56975536982786,1006.4813301627579
32.34358226332631,59.315535073335845,1009.0367741340143
29.89879293151981,60.28775564080998,1006.4760504460577
27.899892165019423,58.14902350578781,1010.4967225938067
31.27106519680115,72.12129204233486,1006.7076346865496
33.560830196069254,47.60411987474971,1007.6043813745182
30.231241225407448,66.07840338735008,1005.7652634760434
28.04141047937352,71.0133016488955,1010.3859972177208
22.75265507059936,67.16340080540411,1007.5342089201904
23.73954534769851,83.24698914323417,1014.6271370667017
26.77910118258133,54.71053237275301,1012.6234010667716
25.561951191362866,69.57304822593531,1010.7205925272655
27.252114788058215,58.939093646585796,1007.8100580106249
28.22659969958843,72.3340607635267,1012.5220812212652
30.118771017426923,59.923110042786305,1013.7628035573946
27.718004887763634,56.1212421813753,1011.5707536488065
29.946006575304807,73.06072203871629,1017.4148074218677
28.25789765924048,55.0843806098107,1012.8385492722992
20.098133734584515,45.872742410994434,1014.6544288702721
24.242658424724983,54.83153116826171,1011.5342616621439
27.42364977711354,66.19032946588533,1013.7026578130279
23.16122102863557,73.92038751587091,1007.8128750693234
30.399714919984817,61.11129375296512,1009.1664065471489
34.12300332937479,73.18197067234026,1012.3974542139296
32.875047406789264,46.41825078522406,1012.3683979262295
27.14622851627917,55.56736535182097,1013.030447291773
33.96290454739981,57.11424882845899,1015.4015715691149
28.594669828808446,58.8544057252748,1005.3001153127384
26.651656115527842,60.84094388250197,1007.1021898095588
25.54638934583624,66.90910957392192,1011.918290564297
26.790121254047488,55.5519316182951,1008.1025454727861
26.447292725835084,61.39028686953126,1024.5110729651574
28.681664889501953,59.54877109675948,1013.0628784766806
28.64229592419946,50.7411009610885,1010.6866766042793
28.012184080613657,58.863333109185646,1008.9381229076646
29.7477526789854,58.563404701028816,1009.0793508672278
32.76258509914537,58.34919434996954,1011.1205626452607
31.798216541765296,60.31759456581451,1011.447927730485
22.060408126200386,60.75673540613386,1009.1732034212259
17.78431546039218,55.6770482089267,1009.9073910139203
31.737279644957095,72.72714733971264,1016.3771383009384
22.532485206338315,48.305193707969835,1016.5380198506041
27.100938392429267,52.79029891530104,1012.0081359197395
23.31954789576256,87.79963624223555,1005.634961091053
20.79207824967992,49.6200864501077,1013.1540126265562
30.165850912819153,46.462453252902414,1017.2171297664441
31.036620641210586,67.34476745001218,1016.4791244078496
25.693958397093123,39.22880146226126,1013.9377034112387
17.63583083142036,57.64726090027561,1016.6896918211432
25.81502220699007,81.45824925076488,1011.213537089916
29.567216021610186,44.550640778466,1013.5124118793348
22.084353724903487,40.18035514261287,1008.2768977346993
28.73343967911662,45.00818798042302,1012.1690618246229
27.93876060330802,68.98359568346986,1016.3181369758821
30.317165998404352,71.24776719985812,1008.6423063540524
28.478321473656614,54.87411203021491,1007.5542262821428
24.10772423647378,66.83212404001068,1011.3899557560948
32.78628600665797,73.9025532751199,1010.093351185104
27.36588170789212,77.87346414429825,1013.5965908842817
27.890781841960273,57.53664718820152,1009.1869618962119
24.266928163707217,36.98528282330013,1017.8737584624108
26.22687099523396,51.79121077590313,1005.8412956081557
24.460789143892395,55.73195805064742,1016.0149391448789
27.308215760306307,57.41061203421609,1007.9406030867676
34.846833920569374,58.1214059899128,1003.8160690616639
22.512395428274573,71.1889459793067,1011.9515006253955
21.545754408493035,72.74428426687581,1009.9815680559444
33.88468130997443,58.28326346075217,1006.5615625283879
27.162705291392534,70.98484876051819,1004.2744924331389
25.323709045360335,63.57661366631089,1010.9665568509141
32.159618749584304,60.64505972862572,1014.9033475664953
25.577537841052543,69.06544157109964,1013.3398139723457
35.304038854187745,60.72252048237916,1011.226826595357
30.711703485357077,80.57811177097761,1012.9153902928709
26.04835436741719,45.61588833205441,1010.8911434704886
36.629232853062014,54.84829100907982,1005.2811030278785
25.577140307986646,58.7348110304605,1005.3164240591062
30.968381488037227,64.3945269045799,1010.1873258840612
29.19717032162597,72.67960487103089,1010.3573868545357
33.20696515759519,59.75601432763843,1014.4039307140271
34.24604478690741,45.77770350493793,1014.029216895099
28.128016596263066,68.42513896455004,1013.4205320630358
24.986328518615267,67.54958766141965,1009.8788691476913
29.839888571756465,40.58141340620594,1005.4773913195594
25.289138520991575,59.96195866329201,1012.6482845482641
36.05354899010649,44.09858169319702,1013.1006772530487
28.54614132433095,53.353489024979375,1001.4458741500893
26.538713794751565,50.971910730372,1007.6626472536693
28.738721223459635,68.09264698241986,1008.2357824904244
22.611494841881214,61.16830174172184,1011.4734008044937
24.113543845957395,47.144089992439724,1007.7865582689373
32.8016556317777,68.80065962957342,1010.8474617247015
25.372422884114417,45.661941760715855,1010.157860238588
23.81235606927224,63.301137904709435,1010.3634021138491
30.146611010109144,51.85989330708444,1008.134422825197
32.742816618651986,56.3432291746948,1008.4440597837333
30.875813242660268,65.04270748038384,1006.6789317608773
31.984190743223266,65.21449399059529,1012.5202697622954
24.972819645722158,73.3696907355596,1013.2844105143655
22.312757333032625,59.17746300328547,1007.9175281994986
34.00533460782195,63.06450862963341,1017.0825603840682
26.709280644631455,55.62262677595675,1009.7415942102318
26.99666793417981,61.81989882622798,1017.1207424951863
33.312776567396234,64.39486048008511,1008.4314913046736
30.22492003760264,59.01690152545624,1002.8936888936023
29.82355108832643,41.96249515907503,1012.6087912996494
36.66000937960433,63.31470896330895,1011.9941804204759
25.42592707847943,63.64561477355457,1011.1375751812303
31.711360512324948,53.19826523652049,1008.431070086224
28.228052499588337,47.15612963927486,1010.8617110980567
29.074369115453027,74.75879150503965,1008.9549621685219
34.11387370565013,64.91445510894403,1009.790601734673
30.031343025158495,57.70918969078291,1014.3665290230603
30.153184316198534,48.62967116852513,1011.7368689181204
32.290029349239205,51.781851715786544,1013.439805549328
26.54018908182846,73.02590396786232,1010.0725259734968
24.643161330643974,61.37661940868046,1009.6319306167809
23.820763223915865,54.49412932999294,1006.3860698764454
20.134573642495994,65.09689231224657,1009.5198535497273
36.22482851976129,51.856018125536764,997.7155417776435
23.58716653711327,75.00843030280379,1008.6391121347774
27.11498550565691,73.52800534896726,1010.6725032912367
26.892746800444318,55.33425928797223,1013.2546946170806
29.229626791236402,53.713297529691395,1009.9252884899001
31.262948850157187,33.8186680130772,1012.39069416898
31.44189395343898,45.18419228448632,1002.2808453544391
25.667690245724245,46.60530225042244,1010.7726525911722
27.331513144854355,61.351903409873856,1004.2819888283464
29.1303198019532,56.7376629555864,1006.1667859373626
27.00523549526581,46.54664512584759,1010.2513378085446
34.42938230407997,57.188359575354426,1016.1050559514943
29.963899806553005,65.05337147647349,1012.4848270538803
30.93951114419927,65.27839349915587,1011.0729239885485
30.65152507466965,41.00329719141119,1010.9218784421316
32.6938954299413,58.71736519516169,1008.1454844271822
28.724086234814827,46.1665922302839,1008.8240663465093
22.812672208176615,69.01728697140274,1012.7095041818832
29.598751807010565,67.84146416353498,1005.458557926222
25.394572424832685,51.019727736755414,1013.3722162011321
25.885533273000974,52.339547975996,1009.4459717315245
30.345456075020373,55.38732949501693,1014.3022282994783
32.95313228573454,37.47206605268661,1014.8443738289284
28.08508630694425,63.35968173440577,1004.307663949977
29.235332050395854,57.27155453659869,1008.6736769470912
34.80885977854095,69.70175082567859,1007.5778892482375
28.963012717954275,49.01590782037447,1003.7490881397074
38.40673245672158,53.80877051750068,1006.8698668951623
30.262038582526177,44.93474741960885,1020.7650233810614
20.95694896337673,49.95709436505747,1013.4380395848498
31.01336648441813,48.18018003931781,1018.669151874423
29.52463353953111,69.95973678846445,1014.3163937600733
33.15901101633098,53.017381512486075,1008.032627355966
30.692725405079834,61.24175684744613,1009.4729152133038
27.446176064064904,56.19236596138195,1013.3537447209612
23.102807054842536,47.30534733987187,1012.7500248138922
27.163906970855898,58.316995768283576,1008.6906319371667
24.5979181831628,65.99103331863594,1004.9600273176832
25.67790620078111,47.92240607456648,1024.151044749555
30.35431361768244,68.09112790731379,1010.4354013106288
34.67961801740562,51.50279078522304,1009.6970444272695
29.578686119291923,55.170160739271594,1011.4533378556212
23.216467751859263,65.30683123010047,1010.0290856427558
29.77841067288056,53.36563842780512,1011.490915630822
32.78652594658261,60.37574859335866,1016.1477891444657
25.56086838272247,56.853091712119074,1010.5018060812544
27.46393133330833,61.29368006703819,1006.349158242689
28.058752778916787,36.19260894476503,1010.3534248220856
24.86040674767104,41.70318184791917,1009.1423928743603
30.593121735375437,66.15967006046839,1016.6955957489874
27.516207405568874,70.3718140564905,1015.6844762589503
29.67812977562811,50.89513296468479,1011.4301000017232
24.4500312887916,57.55971647828866,1005.885056580723
26.25016679870636,62.94719252902301,1006.0964309462402
30.889525431311085,66.93217601658704,1011.0604930463383
26.508667391632933,39.723227283291514,1012.3452918772851
34.90785540493362,51.13959753021623,1009.5015087226958
26.401455257541592,56.67420620150125,1009.0793216631711
28.898738903007544,67.0314019723605,1008.6288030672854
31.73036332749236,84.98430483721495,1010.9064241590243
22.326537068267875,57.71994273190282,1001.4689505917078
20.956764752076896,45.93022537896012,1006.5946934849212
21.89737474171962,64.02268077201298,1008.4917966182106
33.05033641370873,73.2099578954071,1015.8300127798077
25.792567416430213,61.08014120979501,1007.7447454322843
38.23279714267301,50.93351454845707,1011.7218725673248
25.743009605370446,69.5799394148002,1011.906171003724
28.73820521278815,66.63545618498435,1016.1916660226431
34.1684398102715,49.73919155804376,1016.0503096278566
36.024371552636495,63.81425617534342,1010.7699881248203
36.24601430654559,69.97265567658873,1009.0980610352423
32.83346492237257,71.81890042558894,1008.3446675886972
32.09625010324585,59.33551024690544,1010.0357471101369
30.37010779680473,56.41920553820681,1009.2638665827056
31.11344430466655,72.27273822081263,1013.2145096374329
25.795257134685865,47.89839497019115,1012.6812392699408
24.72720446631077,64.38579290921005,1013.36720476458
27.986502170356193,46.29973372635571,1016.0371348457446
27.319261509900286,70.65376272259603,1018.4514764856007
26.1870878026909,57.41954484388839,1011.4986535736302
30.78554978982686,72.68583235647469,1015.3978550855826
31.821220834282045,64.91412756355527,1009.5933592646631
28.353627545167388,47.7677976993807,1015.740027934332
33.91012032422105,74.24627732077244,1015.2460366287033
23.43324354346598,75.51245266427729,1015.033663879772
27.225362162881126,68.82286492599215,1011.3762793647661
25.13271071758878,52.3841213496378,1008.3265673440364
20.53385353170776,56.93986045642591,1005.421886248538
27.669277256629204,61.45427217405759,1010.8398511699156
27.513009966466864,52.96289600668567,1017.1320501689968
34.05379897296852,76.92346572463205,1009.7606203945437
30.52324673821911,61.44326471726037,1014.1405063418403
23.90325270268318,32.966519528926426,1014.3758056020757
35.41637026533675,63.3935581275622,1009.8652551162913
32.88413478210141,56.51842603182687,1016.2653793500781
30.328390813874464,59.25073443881552,999.365357022078
27.094063604600674,56.313806342143,1006.1089988850473
24.16224305310608,68.07046416606687,1007.3374708145661
26.511172895715788,71.19687778553381,1007.7211399085304
32.35499447881674,62.830531622586534,1012.3450518047435
35.53834522373844,56.60688812861841,1012.1601512122156
34.172974113088756,59.5866279519083,1012.5759622887
26.044602312854902,60.195996165776286,1013.3843259765299
23.521530266843953,51.975699601351636,1007.1995817234174
28.563544987644814,65.78928648571235,1006.1272957327707
20.926242537748593,64.60042323860466,1012.5852787280314
29.292670856739125,75.40441239776673,1008.4790717054143
27.409589654805327,72.55349780288475,1004.7180998185281
26.135853992527032,53.1432508240987,1014.885377138166
21.621187730932817,68.20298374508965,1016.5804076260092
30.054400426278868,50.49046616905528,1017.2286435587946
25.869196641352353,66.9593210094085,1011.7480308858989
23.320332657158847,54.83385801239892,1013.5037283838916
16.510951146873403,49.76746776624415,1016.4794728934477
27.889940379797455,62.800453426974045,1008.4343368399062
35.089006386678975,33.254328718458595,1015.4427107362163
34.64503685819148,42.490244255947715,1012.1015849365729
26.17161497365491,58.22508116225717,1014.6548466093703
25.59115175855288,60.824417666348424,1011.7443720835038
29.875097024300096,56.30681229841811,1016.185026838992
24.006458243246833,44.20563701282401,1011.8940950501661
29.207167599277863,51.821081578614944,1005.0640837621303
31.06432111353876,63.91209327237394,1016.8077065292589
32.90773289553723,65.81781770628362,1007.2098770361116
27.59938369408019,59.83776882404059,1016.0122328409757
27.185304999292136,71.56833781036988,1010.6390284742387
24.488069652973756,63.97397023459234,1015.7040439407908
24.69247858384056,52.525443460417875,1015.5390744594671
27.094084432393892,57.194979465883826,1012.7205718972615
29.46946202726471,45.97133842792145,1013.0341412705085
31.654338504932998,58.918610096085835,1012.6905144687703
24.78728419727862,71.12100619221339,1002.9447009748757
33.97075427583809,66.85290084710968,1011.4733208755928
26.915505595829725,74.02009325919121,1006.5357432957125
27.914530822606256,56.97114756201007,1011.6847485749827
25.011153283408706,73.46099794514258,1006.4282298144672
18.303038958908232,58.066957735520305,1006.2601922350957
31.536181585444197,74.71585082569894,1017.4197380070156
30.947375588369734,59.781432525578765,1015.2777895524968
26.874689771527148,67.07231373804277,1010.9834296602234
28.267962868899488,74.75112364309855,1011.7390746009961
30.0637568708164,58.065723714187946,1010.008335897028
21.74981657245383,62.18388987544174,1013.2795055039181
25.88378929061482,72.88863425206303,1008.2957825338048
31.17705871848731,58.669968360699364,1014.9749610514718
22.982842307323004,46.79107717493839,1009.9876526359435
29.174231728666516,81.4300705458491,1009.3206120166751
22.57367278150638,55.30235535662863,1011.0868520739393
29.865719929734105,61.58756050937543,1008.6354126802976
27.857434070810065,71.56006669451128,1012.314729397986
21.539472736377963,53.91506096268798,1008.8505496427464
32.65895741782869,49.9213208677787,1012.8740944112753
25.061633692807803,62.53737296774833,1015.8640261556459
24.758990251942475,42.069236020876104,1008.1227132527673
28.80227678892377,57.1209392313208,1010.4776981708193
32.59454939771486,62.45038664315406,1012.8453228521416
23.936712724086412,57.30048103174836,1009.2565705800744
28.246719399391885,44.56549056814253,1012.8572822433067
29.71526600132229,75.94177956204013,1013.2215954426069
30.772422429052575,61.03538153949175,1015.3330471051772
28.705766221108902,74.31152117761741,1008.5760398156604
26.53188864366671,57.39963749819555,1007.2288990390781
24.68963911740512,51.19988018309236,1009.7696904417451
28.344575532185498,62.691809202551596,1007.1289906418116
23.71144395205757,57.842128736717804,1013.25799281619
16.31459806602157,48.22238542008642,1006.3529947992944
29.74623921663067,74.69784258787496,1020.3320656730108
31.61573936434478,53.77729777106004,1016.183711446295
18.548270257832648,41.59733615204431,1011.0503030784013
23.96107718116025,73.28166053957332,1014.469577971992
30.47661704402079,54.957019841873766,1004.4527925427568
36.22998187884679,53.921761073843754,1021.0934933255983
28.083174830701633,42.34612412970026,1008.639141551198
25.08798823508346,77.40941486596991,1010.5180103444026
27.26841423558064,47.105194127903125,1003.5762668512463
33.49950567659274,60.5844948070565,1012.9451492189636
25.41614328350186,69.12620322540441,1006.5746233716916
24.803231973398987,64.21716933003097,1011.4066230462641
26.069025911271872,59.40345688007808,1008.8229022683018
24.18668556696515,42.98334141712584,1006.6890242602786
28.490681263979184,51.90275164232716,1007.7825539929495
34.49871383387824,61.87800338042522,1011.9031521363421
29.292317092464117,52.12825930013004,1005.8740361085247
26.99058599149485,62.03359459998768,1008.0047533159056
26.832754924337824,66.81743408815142,1013.6530935250579
21.747236765213373,69.62502885800102,1021.4099194994973
31.532439108588637,47.738206421873166,1012.910355278212
27.68865121194879,81.96646054978955,1007.3309534312908
27.2780803456375,67.67479344554131,1009.5315433197107
40.0,59.98285846330936,1011.1263560246103
29.195011633462745,70.89536583076641,1009.6023001974572
24.992835799619264,83.65407771999973,1014.6122326669478
26.294569615177828,45.612798989431305,1011.8698939320569
32.59378283678702,57.74737357508646,1014.6314095396394
28.45308164215106,36.215683401266716,1009.7422248388095
22.246888086730532,61.92651532648025,1016.302000878885
31.676915738300814,63.65394241925141,1010.3340576628738
25.327423657844022,59.6083788455724,1007.115240523448
35.493191104870185,53.4546642900169,1019.7092815241689
32.3201922628586,39.50485483811675,1003.7000890121556
26.210712417364995,63.73533683411769,1008.0450450987803
33.12406544694045,74.55434483915325,1008.4918885926784
28.271422042109613,54.08981544266568,1021.0332250922263
31.411094700488878,64.40059929023145,1018.2274355365861
29.9389312691779,44.31855686579949,1016.9757125745688
24.614573380036507,64.57213063692514,1009.6773653504947
25.42580067073015,56.06617702255343,1020.7047120153671
32.119843270324644,52.375820493970856,1012.4734080153639
26.660898671573836,52.39636358783869,1014.9090534812125
26.385406147032015,56.0638841796699,1011.7187815244248
24.17950968260259,63.824333156925356,1010.802133714707
29.694396262373843,46.87836798804482,1009.9928853042945
36.25009967697258,56.02884668432147,1010.1614400263234
23.729868342982908,59.58528222000852,1013.4339665947123
28.09687782669103,49.00960775468141,1012.4687991951015
33.648882221661715,77.96665201675017,1010.8741145191852
27.681434435017138,51.46504519938658,1017.0380959707954
29.809487184998936,53.305630863665094,999.1329877250371
23.750425887412483,50.21692050177502,1013.0395489916848
29.713228388830593,77.98480087138117,1013.870954826636
27.251422939981804,65.52905228599482,1015.5878514730207
31.942919982719452,50.63407993756358,1010.7405142357866
32.749544206259,71.06231558859969,1011.8316802695358
38.35825456807446,62.00698694288878,1014.9437935332589
30.3185326928543,62.57253421111502,1016.9646656171208
29.303185266328665,56.55522791247547,1009.797856059285
28.777537206309344,52.505840130430265,1012.0679031325102
26.587334828757246,63.37766099054601,1017.714295857395
29.353935373846763,54.549127700044096,1002.5038916964846
26.818394359443882,78.16755629575104,1008.2399496007416
28.673843905078456,47.30708894756896,1016.8633439144119
33.270390142431836,75.36156772854946,1015.3701513344332
23.973829738881435,58.88681151202199,1013.0897808437068
32.55951424451618,62.99085734021106,1009.2056125075635
33.26846026935946,68.33157766629435,1007.4727260040584
27.527725892035686,53.69750704995564,1008.6351375230305
19.51258040396562,68.64248384698637,1017.1920328832748
25.56871205162227,32.92456144618823,1008.4862292433786
33.187978186244436,52.80010466778061,1011.4056918569586
27.90852775080447,50.759371926589345,1007.985169420553
24.002791070820358,47.464939876282386,1014.3710961203961
25.98090031508713,57.85045161921049,1008.8450948786142
31.36248010601821,63.85749968181695,1010.6096244393823
30.186934272805516,67.02659998499306,1004.2664714678288
27.044271603321224,62.40876757200407,1004.5465270551803
26.53270235274125,53.34306535106453,1011.030692773286
26.432967403824712,63.69016437825167,1005.699371379209
24.31035926200599,61.2428569485085,1019.420346557338
34.46150275787777,69.36056167936016,1002.753907551551
26.710718123154642,67.76936702931516,1007.7992988053436
32.868634083301984,60.30476413920629,1011.0668034690702
34.085264207689804,51.02746993838743,1009.5394682488169
31.993243592591842,53.47049844167919,1006.5834181733443
26.273518749127806,54.50210640361966,1007.168288642019
29.61492036134644,56.84733666083744,1007.037383690003
27.903217574436336,62.68050427589753,1009.8531132207197
24.38519255707949,67.15174390128058,1018.8077163580697
29.29743712688641,59.48881306984622,1011.3117491862329
23.28384083536079,60.161247879004726,1015.7316019575501
32.75071755384626,61.43306305000004,1013.0279053833126
26.14153081080643,54.840946868676596,1015.4554495919289
28.804638623491357,50.74607742357044,999.8001427896256
29.13315148618457,42.4456210268929,1009.7821679154071
26.96438010518369,53.04850641923127,1016.2285416926029
30.3467752059011,64.73145453267787,1008.7130567090027
26.1003853735099,52.970885619604324,1018.0498926594785
31.485189189828976,57.621929625740606,1016.935560615071
22.616081279013006,64.66431287412317,1009.1234771354901
28.505518318185647,65.20689496422669,1008.9873459238146
35.755715996233135,49.204671478339606,1006.9455766305821
23.998674701577702,69.97059356453641,1008.4816230725448
25.289020117900595,71.27350089355485,1006.0696437433244
30.05563139863566,48.70150142781441,1012.715244721732
28.718327127758393,51.76163130358846,1005.1758140266143
29.402520397094236,71.91090683146192,1013.4149320647609
29.956748520590654,58.53146478744699,1013.512314787601
30.53888587424708,37.80222052548149,1004.3551823792643
32.43879936782489,46.00318495267314,1017.1992744253133
29.63927462771405,57.50630374827519,1013.0544371776609
27.03496938152583,48.36957349715398,1013.9987920857794
30.690294804810925,55.86576229363558,1007.9653391938289
35.599527739580864,60.32396213683579,1013.4895164738924
27.469465014469705,74.62254604034729,1015.5055737988882
24.101882781317435,57.09546083772211,1010.6055664039812
32.42832267714789,70.72541799572758,1019.0076898369934
27.518475344185607,74.28760162036771,1011.1762585396517
19.309321815943854,74.34309669352076,1015.5631432018099
31.389686708601687,62.847545933855685,1012.1720352290346
25.85868725618431,40.36710852161026,1013.3420861314274
27.637866870783355,64.60824865403865,1004.3146709294609
29.327921322276058,70.48399887813541,1012.4842149528614
28.761998719116267,59.189328945645826,1008.0600995949709
30.83780726855616,77.44583870075249,1007.6144067768893
26.258054517720627,68.59833561467458,1017.9764127378639
30.05242319270433,65.68273377152784,1010.1449190077506
26.96181328966433,70.86380711205838,1006.986792676098
30.955241923550012,63.333698512608784,1009.5634734875645
30.461469936052215,35.07189500604646,1005.7981990843124
24.25824519182162,55.008610485296344,1016.7355378727851
32.34392846470013,71.97168027247854,1008.217277023334
25.85614621954381,51.92408659901704,1013.1171997357746
31.23223119312458,57.76527494763061,1016.4244268568413
29.469149253605362,49.55163686096929,1008.9993892751411
35.35273470718049,77.83922595201769,1013.1280897290911
27.10613607051259,76.81492457418015,1006.8796557803823
26.60273281552721,51.16131104859271,1020.7830782764547
27.922321576449068,61.47298000389084,1014.7455205384665
26.787280868662897,53.19505952235952,1010.2295742449568
31.1997676077682,66.14944639031378,1007.9086650764441
21.53475756625365,65.09683077242329,1010.5440137886415
23.785270323414583,68.11705571613265,1009.6400651105939
23.72878831368323,63.31918447707887,1018.8117782159981
31.801230367894302,89.35406206388468,1006.0978611111404
34.8424534903277,49.72076234989261,1011.5392056931609
27.582203125850114,42.89396645563485,1010.9266477334652
27.32471310723996,56.069097992985384,1010.5303587986206
28.280208652452725,44.320117344397325,1010.5655333802466
32.64751321043276,45.07537729994007,1010.5357167595181
24.290587463237703,49.986853458020335,1014.4922642653283
28.953475930939142,50.77811094568372,1013.4359377859697
31.900790519129718,50.4538189804994,1012.6756464454911
30.004376679759382,65.18218950445412,998.864042551419
28.758326466394973,54.93810938914664,1012.1991794966526
32.00418437026856,58.2048542512752,1004.3774425593197
17.18707082800305,68.94232774500935,1013.5852806525432
30.71150127812363,52.33677475218574,1016.897989470282
25.383697267490305,57.35454101295278,1007.2950435496458
20.67746841257417,63.65759986092915,1009.9528771106292
30.044810398099923,40.584321993797786,1008.602577179788
33.49463418065183,36.150944910494175,1015.9417271030272
27.450205941489234,63.461173287977225,1011.3801115410882
31.811498188811754,64.92014280566899,1017.9133175222653
34.44911303195458,80.64220134852411,1012.6550168117896
33.25965781433619,61.5809487586681,1011.9698007225433
34.559858117485575,68.19739717258095,1011.2728271304113
30.96850996428757,58.04527356414026,1014.2719683970294
28.30173455560637,62.972272215850865,1004.0492552070186
21.592136752411328,76.67256841749534,1011.341375822082
27.015750047480207,38.76007181874364,1010.7198142250882
24.627013618735234,64.13616257571681,1013.9016753086311
36.68377086999126,81.35586730077367,1010.2491935765039
27.296456750270654,62.82034219209343,1006.8450622633493
28.492819227137943,76.50572963232848,1011.0294026996788
30.20594150416187,53.707878504705576,1006.6686378845267
28.174409785489814,59.67952505836286,1003.2989511496501
34.78020416172301,60.33524702388588,1013.9084899259419
25.50940255306219,37.824089206412296,1013.3162462907787
28.778429820948972,48.318221721498,1012.8683637759743
25.030117657207807,49.03124920616014,1016.2117136877832
22.719909955117178,68.22066078032528,1008.3398724387843
25.552923636378857,68.72153105684055,1005.275543428915
27.851852811806353,63.24036442706533,1010.7198808927678
26.28279110193096,68.24102896855706,1009.6099988011764
25.230316080504576,58.35850587278226,1007.6308171329197
22.374730145312665,72.01931669539543,1010.6806033860488
27.667577709485222,60.08788442632072,1008.5535794151816
21.98111850387599,60.578640474267566,1003.6559788665727
31.04022385475841,57.34407366737589,1009.235293236825
28.329759011738012,66.84450477636427,1006.4544993331846
22.16979400214028,55.78801183387087,1011.9265922864437
26.763163691800546,69.76431377198068,1008.3758609670374
24.99137437763767,48.67850859283993,1015.4465258965643
29.27669804167672,49.010837452718064,1017.4154642690714
33.36180178409258,66.87426755126504,1013.7175254920476
20.49931012141702,59.114557854169874,1004.7958952720667
28.460104316589668,55.46108583846872,1017.0207839955161
27.35946881773344,68.9005773247546,1017.302881801495
30.68536030580186,53.92738585913916,1011.0751620452318
28.852786512950757,57.9979874569963,1016.2917046413421
24.992122673044722,73.99227950071159,1008.7932994478133
26.723784257333527,75.3914234581065,1003.5350162606017
24.815896572786045,75.72398210270327,1007.9588622455136
32.30402855439439,57.17874223066089,1017.917203464179
28.085246594687767,72.3070290498447,1005.0356803055541
35.60476274301203,50.51047172231322,1010.998085127726
27.757356744741518,50.930971252779386,1011.1365755733608
25.16637293235815,36.49544147375639,1008.9481030241287
21.945142429548692,76.7286820189853,1009.2259136006516
20.78744129497622,51.36020150923922,1011.2889965369449
21.663456227978042,58.7346742025294,1008.751350632261
29.068506604045933,50.89675658071716,1005.3117660113282
30.034900092919735,66.9516524833014,1011.8601277717738
21.675237191871467,56.2436633928266,1015.2934663297799
31.580153256304463,46.95183109567051,1014.4782900746137
26.067755793266244,64.4166256418606,1007.7610581304408
28.587172047942197,45.66269975189772,1005.9950883384893
34.4488825130217,51.625942746845084,1009.8632484713809
31.587357263462128,38.93110885373919,1017.2711660391826
26.92587740837667,45.760418878023934,1013.5823923158382
24.43523109833885,61.78529169720478,1013.815858707177
19.39273839468278,40.35463961897075,1014.559427807142
25.12338672303032,45.18854275378284,1012.6830662500744
27.155479044689223,59.97631083867192,1011.4824341904543
24.051281891395263,54.56393103906947,1013.6492275865919
27.474972131630782,79.92036635959309,1008.8153355831279
28.30740753183507,78.33896546024376,1005.3421479545348
27.100576072767687,51.32077537248846,1013.8919877384973
25.399989676706163,65.57137618403482,1015.9509524229969
28.67461868786691,67.49282556879452,1006.5270722425759
29.767762598277635,54.02521141975597,1014.2876859296636
23.638403690228614,45.04458463501796,1017.7230628535527
33.64372951898508,59.87701550691943,1010.9910151929715
27.60564747086295,58.271543251858894,1007.727991261033
28.075398491779392,55.64235503029381,1011.492074694107
30.832857693026227,64.42316868164485,1008.7978641271972
28.932864525054008,52.492703929944014,1008.5330795601744
31.81254653565298,48.480024524208574,1012.7327362690862
29.148496660807297,61.090829703498315,1004.5850820998804
25.55025050143825,63.859700925688756,1005.2242843100311
29.446014100824407,48.23355056099947,1011.0771635214958
23.425095170717352,69.28090610991082,1010.9107658443503
28.434238823106092,42.29518862223922,1012.3742183081597
27.867080037422156,54.21886541284357,1018.5009015539335
27.16753257090984,57.41991463802391,1011.4180561443033
27.485849954244276,53.6377628734807,1013.3926886013392
20.472603818009443,54.349395264488074,1007.0978682575414
25.805100369036154,78.71074482308114,1014.0717506540661
28.37137960456446,51.49115910961101,1008.8944365395573
28.6394255679896,84.41221722471914,1011.2856833303243
23.889299436296167,64.37126779731052,1010.5646054997234
33.062831363458805,60.92055137311992,1015.1318969396561
24.535300607142,64.76240353387666,1005.7600937825
31.877828802106947,85.29927749251952,1001.8670454615399
29.70877744748674,50.06406996068552,1010.1462692116482
25.41509076062479,48.79582081063611,1012.8741250276205
35.10124357043805,52.45133803428079,1011.60907750323
23.22545267297408,60.32143146964561,1015.9288169496557
31.676616694440007,42.74228875187427,1012.7494906967187
32.00232927217191,60.22339239318608,1008.7446066725605
25.31751916369342,76.93547133413672,1001.6983193834412
33.569861200257314,61.51407390624777,1010.0507510632191
26.999813941604188,57.07314541024723,1015.1118360090312
29.154774517119428,53.81839551316372,1009.4318088693316
29.041287355084883,68.98511704551565,1011.113281054711
27.46276503411781,51.74167226761952,1012.6854410172268
31.24323309263913,78.46395920599248,1006.9388305030008
31.173954882208854,79.33359747714357,1013.4929435865553
21.005872107047278,62.567507986617876,1017.5484871600069
33.21736097151261,59.88484911923355,1010.3087465924264
21.350032047857304,70.30659808241559,1006.4837423126708
32.130184817366626,70.94798502227326,1010.7335958919122
32.50682054731033,51.94008268940584,1002.1024635655646
23.636134279139206,54.73444866863298,1012.3476130559064
26.35674284818166,46.77652565316704,1012.8090975105944
23.577181326056255,64.09064938334058,1017.7025451753823
27.14031587884506,66.66627883456891,1010.2240208297335
26.767862863257037,46.50074362138727,1012.6339413525859
31.118642129077358,55.44801095183841,1007.5548475904563
33.24123498447843,46.527460824186505,1009.5742915178997
33.582735243159824,51.012001897561625,1004.8992582533513
25.751327893686792,65.51017060226299,1010.2208415148671
27.16311250502189,52.6651793332172,1009.7787633859257
21.2662472311162,56.99174043967702,1012.1967990643556
24.776519734015245,43.726882720526845,1008.5056124786695
31.85940653238983,61.869902097246644,1011.3333814039004
34.46233129419293,59.55726680155351,1009.6664797775693
23.062604512480313,52.71040749966838,1009.674002446802
25.630142963388423,58.10985702317526,1011.3214493038521
27.89437697216429,61.80294880503445,1011.162091769268
29.120644635278428,51.85131851090656,1014.0446961562066
24.761585920313415,45.23737455998221,1010.5174278634806
29.696244177856357,78.05574432686815,1009.600458603508
26.104642611716336,53.66727295289727,1010.2767702196511
27.942190916486883,59.032398968131105,1008.141343532636
30.185136992014797,70.10839735020313,1009.5603556257333
28.02568907924375,95.0,1019.124634852293
26.254456437893726,47.555135501111344,1007.3492849572166
27.561560784296677,64.4982721372651,1009.8853746644828
27.646548163178657,52.92447714705894,1009.4500453469212
26.51995588047149,54.61209695423289,1010.0113135510225
26.964815749331592,52.7978797899321,1009.6750427644864
34.39458868201887,48.743450321994146,1012.116960404884
30.243677791764956,59.58708638215339,1004.1592995944328
26.818078727883357,45.254973129517644,1015.148685890128
30.787817618042943,69.4680756651187,1013.5303311985688
26.66472204097596,60.550029360333745,1006.0285136557475
32.69249855034656,64.22434972901439,1001.9236909081903
29.478568768792375,55.33811388053777,1007.0917114154344
27.570791423983085,56.327960657882514,1010.0293341542915
29.790867703241112,62.87563905167328,1021.3211675947631
21.716495391726003,48.35949367594175,1013.173027859897
23.49293012436078,56.42009565586664,1003.7696414032741
23.224299974403777,51.40386486121546,1008.2413779803962
28.571772379054828,51.094311894089856,1010.787150254908
34.93005999794037,38.90161759374358,1012.0147342171924
36.92520058477053,73.3932658948,1005.7410045587583
30.552204405763028,53.13461246846231,1010.4600390880918
30.003377899777828,71.6337605516355,1008.1294434495578
20.795769063389045,70.68792321394292,1006.5849657495908
25.829304801063913,47.14000293483507,1012.0383825867958
24.848864992367044,49.11588764327154,1014.0955086937713
25.516609606995537,85.60502959355684,1014.3641651078465
27.32742472566084,77.50925941927143,1013.2975454045355
26.11163768921149,59.68481486671896,1009.0105218674389
20.082800758496848,62.573731064173494,1013.858199045854
30.991641024470134,53.691535970528115,1012.2362177524171
23.709027897040773,64.3235271420034,1011.535767531808
28.956987456444597,52.82818099277529,1008.5532275131928
36.296330678999894,39.67646235701615,1009.0124954906339
24.322461633654306,46.78444213488949,1011.2955477444982
17.878849909014683,60.21092747850587,1020.7594978679421
26.855983112479556,48.68932764497412,1012.2049699203656
32.40383853999428,59.32722535086465,1008.5552459909989
35.833389816882374,49.25338960567137,1007.6704422201223
23.081801622190333,52.176460774980065,1009.0329335493752
29.98679689294609,68.53165306413192,1019.7091737901962
26.138758172879786,62.474805476401045,1009.4029734162161
27.576206582783456,59.90335578686653,1014.6274821384411
38.57737338806814,68.78963973070651,1009.4962870181146
21.988118686419387,64.80608593347347,1012.0447381651185
29.014958645978293,74.46563291251367,1014.1669810960349
29.870772687061734,55.401407376848596,1008.7123886007603
32.34314529975739,55.70365021472492,1008.4355533833889
28.391932613883583,46.98890733608655,1017.6354787778213
29.23220215801641,55.7101928262758,1014.9383715795832
26.433405730312835,69.64769894302445,1014.1626892747629
29.07650776498043,72.99987372262134,1014.1491051724917
26.627230898010357,69.60305168086668,1012.8383019532442
30.486287559424202,42.05808133450564,1019.0711032527003
26.521558655825466,70.83145212660735,1011.1756332075087
29.508401575608747,41.614813767279294,1013.3090494688037
27.882948745260087,68.98117324122347,1005.1963482856239
32.504201003088674,56.32215473428945,1007.700157253635
27.794425105646056,67.02533313933856,1006.1967240006599
20.907870127172473,46.67551652105434,1016.0962543340646
33.04768600285597,71.71167632706147,1000.789839391917
24.377070796549525,45.35025253895111,1009.3907599089891
25.38493464540472,53.315450891468224,999.0251735893576
25.61735482382603,50.01905372230965,1007.6748484180724
33.497752372683266,42.457151471775006,1009.0362042010726
19.457303144085216,60.94527567588468,1016.5394843751761
40.0,78.06089117836962,1012.5865117568858
32.224227236264205,86.66905222320008,1007.6674339066841
28.892955656516637,60.971557870862476,1015.2638548789273
27.780423997534854,71.16681275067522,1011.0713290181191
29.14221629943063,62.320946379285374,1011.1502674348291
30.084489713517353,64.98883194768213,1006.1893139689121
30.580862343800227,56.57851348872761,1007.0399451443874
30.222417864013792,61.950769254226024,1007.6996108002179
28.358322725020994,65.37478704606428,1011.1858450926168
27.210646318770696,54.215402711236685,1011.3115429079227
27.394906865385952,59.22505700107012,1017.1763706540962
27.220366878589275,59.41569881002512,1012.5402206717513
32.535080387468255,68.26403317330525,1000.1697372253116
30.37422688912345,49.339678283723195,1012.0505679514868
16.238445461342877,59.48457791392349,1005.1999345753298
30.623603106119045,79.12005469052697,1007.1361163015539
28.7789447788751,71.64060152585938,1007.7513221130947
27.92516497421641,73.49179048888705,1008.3466467059508
26.445926187644456,60.24431840178034,1005.4994024318388
32.49645087994406,63.20997563686023,1011.8139280138091
31.790105848491432,70.02236166702926,1005.3567908596361
24.908489328705564,75.60255529530932,1012.4266704289994
29.62820914849814,40.48397087117114,1019.9478843082466
24.113373061834857,46.84558692950154,1005.6825637642637
22.481527340844277,73.09444101402647,1009.8619587826431
25.493131101640138,57.23110644231196,1000.9061705499502
31.449573889531035,53.282792107419226,1009.7962588281194
31.812500181504348,47.45839013004396,1013.570868610526
30.052341680389173,54.44983298455891,1013.8825569254291
30.900383147391988,45.97630716576175,1011.3094549211364
30.064713148459834,80.91094272732477,1014.5570536990359
25.43407361910819,59.775639480194265,1021.1842181437712
29.727690178695763,59.420494582372825,1017.8492187497504
31.201638100910728,65.88076675167832,1008.9099162823615
31.017165319254296,69.6234516926657,1005.1955840541331
32.75565348589857,69.45888156554639,1009.3753943337048
30.833215388804255,70.73621943907571,1007.2120689375306
29.40579283016633,53.69154449209144,1012.8053901914585
32.28060095326571,57.02133195043139,1006.275225842282
27.89391496300376,67.69031655442275,1010.7087102696387
24.47250139508913,54.7261093836038,1014.3520562181452
27.347732144224945,59.94893367972775,1010.5972165087313
25.020389420774205,63.987637644248146,1007.2147447090089
25.299286900102473,67.85185082310376,1015.6992562303427
27.42192531713793,42.22319037629799,1003.4840762209847
24.830320316000154,67.14745649888945,1009.6888197764902
26.76815388144384,57.66275942148275,1010.8333599064747
20.425541332184856,67.07457710864381,1011.0636346335986
28.853174829491753,67.76931692354829,1011.7219842243123
28.004821901448896,76.07915061119158,1013.441759279238
24.731645475727237,73.53453647621203,1010.8583702438186
30.63698267372962,73.46571662610296,1009.5277668714252
31.750280550506233,74.43670319166239,1009.3696426213612
21.569760542524104,62.91378984815946,1008.5539367918466
24.94910088573514,60.321850870368394,1014.1501732973074
24.923430600850807,68.72817083178334,1008.413886082094
24.240387595564542,67.32080951433022,1014.387084436033
31.317899367726994,56.9093376326174,1011.0759963290395
27.224695444908786,64.04823408808268,1008.9149807725755
26.941940634757557,59.64903533215406,1013.4736288629765
19.984550542372986,51.46067091539944,1008.0901843011076
30.541672120836907,72.9046074137635,1013.5527361629129
23.04296642058611,60.551992425300895,1011.8509044847672
28.23973052106531,80.48708257698851,1008.6147012436323
29.109507751832766,43.745077298001675,1013.1145392613382
33.4426343833546,54.432212271566335,1013.1863589027546
22.764718403523553,60.326388366908716,1015.6300784232399
15.921951376716699,71.37381097628914,1014.8645880496372
28.73539817901478,63.99469372602185,1012.9650960829051
35.20204472604341,63.10472754180751,1006.489636195165
32.95578541175775,48.727362074458526,1020.7943479526962
28.838637661098502,48.43058602770529,1005.3855351557128
26.03345525747181,63.22504660289905,1014.7970526971293
31.22849038654924,46.35894006181641,1012.7251352675452
24.105815201182125,54.68122249710672,1006.3034305100755
29.905431077424875,65.00917329085857,1010.502796244486
30.02188063666651,50.17675727723224,1010.6849884550214
32.24083962999552,76.05355962361807,1016.2223308632421
39.03864015564431,72.2393634423789,1008.1467563988791
29.569663868715068,44.285800016616996,1009.9522199743026
25.964145497170005,50.67628756818013,1001.6557215799149
27.89770275123202,37.142227555050496,1017.9390511724943
20.923696380443527,52.174086374518666,1006.7181270279198
25.221147475643768,67.66388476572399,1012.3076434569567
26.362870247547583,55.86105057725143,1010.5943686811125
25.90364640826163,64.60797243615967,1010.6079961328667
28.60941948813489,44.776656817182555,1014.2394479394835
24.710320270471197,67.97975254581905,1017.6850498412145
32.48412266929789,54.448907720716505,1012.005974679768
28.000828259672787,60.12169682282905,1013.6203120705221
27.962798715445544,59.07125498606947,1012.3155661469082
26.688421133948328,47.28451479107716,1015.0701256957225
28.620762735435918,48.469156682602176,1009.1483344820547
31.30039305867054,69.67794469003427,1015.3015622176656
24.5314791371564,63.98992157501696,1015.4419994625896
25.367534043698974,70.50049041553427,1015.3301480347317
26.78509588489334,63.24658235502518,1008.3594085306542
22.61651630610714,61.42990634809217,1010.3266494630512
24.72296856111401,42.73989381333233,1011.9578679551217
26.095116505821363,57.296333032388304,1005.516631820684
31.49755672285091,59.72615679596256,1017.3796808323441
29.0502453160077,79.53107198272573,1010.9508938659912
28.774359645470177,66.86956632098678,1012.1357115504189
31.403591848671887,75.36061181709529,1008.6919822410912
27.450512846402415,65.97537705894729,1005.6924897625319
29.56185939971556,52.886967730505205,1008.5838804581009
27.587112988270015,61.17124216149851,1011.8768167505343
29.061449397598516,62.36223646264233,1013.6937152510147
25.66896536955367,50.60844430229318,1011.6471661624108
18.244731366894285,56.15612623407079,1012.3868960649678
27.462883351254785,57.94233006322828,1009.6518945012745
33.69099254439976,76.05619832565118,1012.9849942649818
31.704861608966368,39.192594746090215,1016.9313314655436
31.861589938364684,72.05818420716044,1013.819157769756
32.94452288722487,50.63204765040617,1014.2381675530117
28.35463036384575,46.27920812730386,1012.1760655972265
28.789262829622384,71.79942130038464,1004.9873797216015
25.5293924182626,67.31898069234381,1006.821333877475
26.735708575891802,72.5451870238119,1012.8195032026554
30.463084599084567,68.00701947545576,1010.9562437921596
32.81553774867527,80.59845001737402,1012.7593715458913
27.442214897276003,65.58723836944485,1017.7056936713763
26.199242940594353,58.435226238768415,1013.9041439969174
28.00211183542639,63.42926377321343,1016.0355448229712
30.40482699571646,72.43469128345964,1011.378725557883
22.224580735465832,52.20624674739883,1007.7711372900623
18.815276187451047,53.48111417468619,1010.7685353631426
25.797852602033664,56.91039985402092,1007.7809927451234
23.117150296343365,38.954172012346675,1017.2331798270898
25.967439209410756,61.38078408417547,1014.1615643061418
27.408878724730116,41.13871296048974,1013.0820499865131
26.187006363907948,60.53059312932619,1015.9437728089124
33.80987013788298,68.6528975613525,1002.9197743419071
29.30697905840928,55.23123539356165,1013.3525518053707
29.201897438443314,76.77115870186871,1005.7574168627825
30.488828576173606,45.39499100581512,1010.9709772061374
23.444667528876924,71.91260681631833,1009.7531696301312
32.15644714968107,66.7513705640692,1013.6469464483878
27.69694285385816,42.83966751689311,1011.9127491558438
30.68192246896485,87.10794299040532,1016.3804686944471
23.712571067839377,59.36254714496034,1008.5924113562695
21.784964935935744,51.22515977844368,1013.8364575585331
31.271558632100113,45.92912805215983,1011.6488928675954
29.505638104390066,57.79981972340326,1004.4588389197138
24.39179378256996,58.725931276100404,1007.3255341659079
24.52134767490122,61.02645528539664,1010.4004878659114
32.50173913765908,57.0220384377604,1015.4491697995669
23.242352428530687,66.33225310115094,1012.8548922302284
34.570691813023856,56.123701673367535,1006.3299967044771
24.397517061408525,40.65035882759529,1010.4387350878113
30.553567702433533,58.506385043503585,1019.0712257951722
26.68552609700406,36.32522346626722,1011.4448933393635
30.412749724329373,63.5377063089139,1009.6906976997104
25.82354399154323,50.20699769717365,1012.9669585630248
27.348828375710823,61.633603549158,1014.0535723183278
28.163676701582883,73.14074981524604,1009.1753266100798
23.99125017687411,50.51251304732,1013.0102990974857
30.963297381680505,70.61256258512118,1009.6844420133168
25.947145734113658,55.66610433313847,1013.8773104073177
27.085600338639924,77.53194802065585,1011.6787726318852
24.022602501565952,56.34847386801787,1012.9278713082116
17.750665364818758,51.59507014493309,1007.96326581533
27.235888949599325,66.87238450395289,1007.7148544637085
37.65046168645166,55.64210270376364,1014.7819892186376
31.138417151592094,51.58550485870992,1010.682414474458
27.922958481062423,55.22160149296209,1012.1401389683974
26.94843668316693,59.55393467816999,1009.7744182916539
28.089863571248184,73.42180131244854,1014.5949070960546
30.18847646070084,40.65912254540423,1008.5687600798814
23.27674873876462,60.230806589504205,1010.4575950403964
32.45728677867549,66.24903594654043,1014.1439712508126
30.861525261764974,61.93448574991796,1015.6918707966571
30.87274290283174,73.09865169433535,1008.9049628358932
29.75390295523891,59.25654670241476,1018.8387359278236
28.07846663077596,58.15448557814055,1012.2529667747744
30.69144494386728,65.92329547013344,1006.8282869527651
30.367256534965513,60.9931381495135,1012.4762081943599
26.583837156235905,56.09591261719529,1009.4680031420662
25.705592908412395,65.16144039586379,1012.7362739487327
28.407425181047948,53.47471706783355,1010.8285750093587
34.19608060598075,53.88822847980673,1011.2970947607606
23.043571697384397,54.72005978234387,1007.3536264936554
22.12989893699024,73.53069160166407,1014.9602449228654
28.65904336494607,27.789836440142864,1006.3754905313958
28.203550807424072,63.95598834762942,1006.56494041838
28.693366657481633,60.34271814200222,1012.4694413965899
28.975812791634002,43.191295407618796,1017.4113769887118
27.10719098146078,63.097267791360025,1009.5896276117423
33.95945375440833,64.75751991831532,1013.8038892908158
21.596384086093938,65.896392313574,1015.2933607074542
24.686011900879016,33.48171936955051,1014.2587377491762
27.58698095940381,73.66389411854439,1009.7551668433052
21.42724475538333,52.622632953151594,1006.6358131312237
27.296582382271716,66.86567746753175,1002.1698097373146
34.64588066291207,67.41073780682287,1009.9486380021505
28.083545953183847,51.23302914380707,1015.7123494742488
28.922803622874735,66.6045995235155,1006.5033360609523
22.95934093930968,56.145067590876415,1013.8008393900751
25.53455436784209,39.28622820661843,1007.1993898797925
26.499214478704253,71.67741925527778,1011.4242903055474
26.729139612975064,52.2495503698376,1013.83116645662
33.126575180015074,51.45506537261946,1008.3620182526463
30.2307642429005,55.969341319632775,1011.6819387227877
23.55416817225187,62.72236725327388,1009.3396346530986
28.98601911372802,59.427295891778975,1013.8205946357527
29.992886993987142,65.4806692470717,1011.9412686739386
32.56059615408507,46.60510633471341,1011.2260306977171
34.32216274627349,52.576136295692656,1017.2333998405679
23.939623232688525,58.84002927678466,1013.6492245694732
24.756569955158646,78.97887292658706,1008.2385925354948
22.969688564341535,58.86187461586242,1010.656544396809
27.063920563572076,70.85222263661632,1010.6964048596814
29.86543349778534,60.385551687843176,1011.3212782905008
31.949338066356407,55.163413625624315,1021.09803710643
27.69619590542991,57.53275575885559,1012.483407570844
26.720609906980624,58.315802879711185,1002.8563897195809
28.60703196899496,66.03645738960739,1008.8288041131322
24.659428393479907,73.74611267576554,1003.2705116500167
36.35815488677909,63.59680847686321,1009.6808069718167
21.569355891527763,71.87077678741755,1003.0507590810943
28.7389623155829,50.352102623703146,1007.5136381157263
36.09442487691856,55.85369491185969,1004.9171138814635
28.02719937823999,52.75697465792333,1012.53664071187
27.23984385999402,63.14444590874852,1011.0021574505155
26.570218308758292,56.41041614820586,1012.2118492299949
27.27843327295037,67.29772937034195,1010.5817944457259
33.49139389870612,50.68998288367558,1005.4228089991823
19.152552354681973,60.430309733212816,1013.0540854770189
34.1337348051853,66.86857911012257,1018.6888982410778
22.30417139019942,39.3469722495939,1012.6368503144262
26.933390683062342,81.21631307330203,1009.2963016027297
26.28302231880535,57.16848115120124,1005.2877312955782
30.35421307908288,39.74960086323827,1007.3677321169602
21.60750259246501,61.58093898576786,1012.8121586262882
29.848690664327773,60.33443467973151,1015.2924721071975
36.09723849314741,59.18105620427507,1012.0434646988879
22.547303981628758,69.91191112926666,1014.199549158824
28.758824670441584,67.47444971427056,1013.830712976109
25.352071288813562,62.978761910238454,1013.0261375655436
29.70354882477214,64.50155633946648,1008.366105618955
28.07659110966301,58.956415505619134,1011.6956940479006
25.43405236382276,77.75490849240049,1007.6064887844715
29.951489139484295,45.208039816422335,1011.0697158118325
35.21739243914697,61.396516742158965,1012.3234541242676
27.236384833090806,60.6502463118878,1017.7151352295474
30.87903176859273,68.13280406064592,1005.7610721025295
22.826908168515345,51.561461225751,1012.9260305239652
24.174254492727965,42.56327397603464,1016.9249463664944
29.88962511152151,61.56823016098193,1014.0353910633552
33.93646411414386,62.812304922186044,1014.3317817713001
29.42245339514264,74.89599409447649,1013.3507796074713
26.747767877907382,47.296379536749136,1016.1933379591017
27.997165621693416,71.5469376671672,1006.6500873275505
22.99836906412113,83.67414364027121,1005.456293336119
30.418061305421467,56.22235112477523,1010.974663438139
31.52933224929364,47.09057780506776,1002.3553515857132
26.19163866866768,55.93025633626629,1015.922583216712
26.119831408961993,60.140049673713804,1015.8828607819818
29.063512918608193,65.63787875006915,1009.2665977796619
26.253121055837617,54.08605270161952,1009.5169176133579
27.73546954149671,75.55198534147343,1010.7106100993973
36.39888715666606,48.854676849919386,1011.2080826017585
27.01189719701601,42.607948478272,1011.5086956767772
26.56663939191511,71.06710424287317,1013.2329284275132
25.409832777459364,37.253789687938,1010.3094945879661
30.97676788599975,57.95870231127284,1014.7727732139111
27.275103307127587,91.17681129208047,1012.7837911085012
25.402507846714297,59.87956447040069,1008.5721462165095
33.28521612909205,48.7923234930375,1016.3404506712164
33.67841201805455,59.426025362132066,1005.5669720555101
25.59830573704518,59.49199211380466,1010.6313367567141
20.533840194557534,61.60649940353117,1014.8676696043019
32.03005475934769,66.62262982159619,1008.1077075803514
25.261480696959985,49.608888316322606,1012.2382225870687
31.162502396651075,76.87548055236793,1013.1733583879962
20.119584729152656,62.45114284372618,1007.557904528075
31.570389353197235,67.26794046401804,1010.7100891216238
23.155312282876874,53.718506002443576,1010.3739846791632
30.923056476266098,72.86382136995533,1008.7930485926709
28.057092271345738,57.42947591186935,1020.2066994082031
24.18424232241342,62.775525134935314,1007.9475745862181
26.37185474829288,50.668939228128906,1015.0197211762716
30.745273827826804,50.030683735978734,1009.4287959324754
28.423577812460938,66.88205306452883,1006.6534552444589
30.337651921889936,55.56393169792614,1011.4112569726203
35.90576233806194,51.46176912495623,1013.59637353755
21.743033553155794,53.5681665797297,1014.6820383002627
34.4688502998745,66.9895307171742,1017.2490604426202
28.41742375009285,53.70962138796389,1022.7809851597405
24.40486380670749,58.82345068397836,1012.0020568150223
22.67874549704404,60.15027750287097,1008.3476313046984
27.243518436891865,40.82651113989701,1012.8114973071796
31.68660044769784,45.28873594626482,1009.935148198374
27.489803518489865,63.362778892475625,1014.703864519409
34.04461972098939,52.629706388473025,1005.811342814537
22.195297239793764,70.56724911280418,1020.4733381696018
27.951644208615782,69.66807104250545,1014.424192379102
22.990426222347523,67.19168666355438,1004.2639839288154
29.45452753049987,78.19771787312598,1008.1638843907401
31.5475495603892,59.169106722568166,1014.2643241764557
26.316952825275788,66.4888192590384,1015.7053762246858
17.583144573491463,54.15599023403969,1005.9110494910722
28.79579258718598,84.52369912868724,1013.8521034017318
29.74695420693404,79.83633652436019,1003.2106405093523
29.61717901984679,60.11880434517792,1010.6426565381158
32.94312876728861,63.86586229905192,1015.4481873684128
23.715785281403804,73.59297599364805,1008.7939370795881
30.7208644218018,58.52860495185893,1004.972310803448
32.7700300499119,53.433759292002954,1011.5848591855103
20.885649663973933,68.73989751006883,1008.5811245334581
29.27860730367591,60.7843924608367,1013.5182334642633
25.983280675969315,61.829944496452605,1007.4586942711278
27.673909307593416,51.65728656932035,1007.9094524413875
29.390705934153345,42.82327851636604,1002.915990716495
26.05108574354579,62.36142409879101,1011.6797788442059
25.297167683353553,69.049620414942,1010.3563802468937
28.136609669952097,57.74193250923958,1006.2464613170397
23.65101624454879,74.36429519558867,1011.7751948550683
23.65669948445926,52.96083674584455,1015.1082812025766
30.717493131826014,49.4529554503408,1010.1377282263242
23.404823859365376,59.32769692803869,1012.0726677992878
30.66525000363685,59.174074246487095,1012.0932449983407
29.850365171415806,67.69968731335223,1006.1826806912842
21.096773084837615,52.25037175936015,1019.2263432828304
25.28974139065738,73.68094236814898,1009.1166006795108
32.77643761218949,79.66916962508253,1013.6244648074411
24.075337875441274,59.60855973031658,1014.0768611089162
26.14238295076245,72.49710420184319,1010.441619491537
29.848243573007586,49.4350292937474,1013.4271801002385
31.133562037130382,70.75221541181917,1011.9832768872656
26.993844455822018,70.47276408559463,1005.3294409710903
25.609959221233435,68.63437280189879,1009.6709091949997
33.68947944679403,59.84436911129706,1008.5497963905838
34.955598655190315,30.457510587579687,1009.1530198346155
31.91543220312718,53.58272856347871,1005.7839872886534
28.341272570260095,53.740839823153976,1015.5057348669841
24.766937113436295,50.21745061939522,1017.4079706184536
24.67822237377374,61.22243004547066,1014.9120119039936
30.09005642106303,55.81036554478765,1016.0821168965886
29.673592883554736,51.75387990234978,1009.6214606519674
33.60639437178572,49.4119985175218,1008.4549726600559
30.601800370144556,52.84487014514771,1007.8856518127532
21.98767879296073,71.21499211849928,1013.5762596918289
32.20779047089167,53.38974945372506,1011.9082522125766
24.00775749074235,54.85061293566727,1010.6911131536064
26.464114912190595,55.43302384976754,1016.1805941767814
29.000800825006777,63.389935138094195,1012.6197654152613
35.982669959135855,64.56249488528533,1007.6453694499177
40.0,29.55343460756838,1008.2763646834572
30.42689223654473,70.21635213827608,1013.7279731970166
27.26721352511845,74.36368034243753,1015.1669314106184
30.1380225939222,49.498134626383305,1013.2067209290238
31.550621703495345,50.27701755265166,1018.5875549914883
26.71732949777123,55.49746612221728,1017.5400286629257
35.18084542364929,52.43995980543395,1012.7641433394031
28.920283036765607,62.23926873946606,1007.645677362074
29.990972356365578,40.534747136411355,1005.7600499530729
30.663697008217845,48.8207239196326,1009.4504730199411
29.686346442457822,75.39197200174908,1014.0128537856647
31.35576200187845,50.71780032651982,1018.3065883172477
25.530987253812306,72.43428278102925,1012.6697881376432
25.76679298421588,63.55338195590137,1015.6748911769249
23.59938306811322,41.90732285411742,1010.0187700552488
29.758004922480907,66.35329195216207,1013.4910765009103
31.115746014048455,58.823326978071464,1014.2934273179087
29.831091464607542,55.44532943750259,1003.0816228965899
34.69796973339015,62.44957093172004,1009.346244790494
27.977615924683814,64.74633485566793,1014.7988015371114
30.67496662237005,67.0759182197462,1012.0978733425462
23.633196495442743,71.78252847548002,1006.2139398073963
26.451601190102394,64.08135912778357,1001.2795104970905
30.78215103026311,46.243659112136385,1009.536877018792
31.396408442972575,55.26354542348809,1010.7136572284245
26.824132209343272,89.43048335268621,1007.4643082006867
27.713602992567733,67.24491060381727,1011.572339748112
21.928505013276762,83.69287300811497,1013.0255469889315
26.571883196773562,73.95434082199185,1013.682748682905
31.561532654079144,62.41802071555749,1001.5763243002707
30.300820064426265,63.01407069781118,1005.7428596087675
30.00266288552484,59.63419960123154,1009.7815094065811
28.19909474872384,42.621953841535,1013.2886925241498
28.028252634512707,60.180472524682244,1012.9569360542001
25.358715442106213,72.10674552542197,1012.8874797915067
30.79531368081014,54.00360005178796,1009.4663282321243
29.68389177755756,64.11952999061809,1009.6894662507601
29.968075391971198,68.51591045893197,1008.0866829263131
25.89586062932968,50.903195606875244,1014.0727765124234
19.386628320515022,55.48697135656335,1007.3180448490417
32.38861084701478,49.820885095228405,1014.4001455807582
26.084650175966384,51.77834393310593,1011.8314129525506
24.54889694382752,47.12394716346939,1010.8198220861793
30.773915647655976,50.995515386219736,1008.3731584008941
26.431949440323482,74.19455680797839,1005.5778325553435
32.23974553618649,50.845229709097076,1008.4093889744878
30.46802379830679,61.2645921906069,1009.6799725255005
30.73427729280191,54.971312463290445,1001.523902753675
22.536177155197862,71.78865937036939,1010.2105793786614
32.8477759415456,73.11162296603617,1014.697429472104
29.045002124935426,68.64069982138948,1013.2688716217355
26.522891443015187,63.061345531027555,1009.015176497034
28.573553869369004,57.68940463159102,1011.1877451936609
20.89505906840672,48.081252958087504,1008.775341722312
29.634611245922684,79.43528881122197,1011.5950429333428
23.882513967271713,52.40326982247446,1017.1604312949761
22.589318856625862,66.63646347032841,1014.8739952104995
21.910563255128437,70.59565572623397,1013.083177222771
32.4507534999597,54.4471950309467,1009.0284603504651
25.482946425228846,70.38012527315962,1013.9997535717794
34.134910839666,67.64213203338855,1004.2524921945078
25.856794147790808,77.27963835381766,1009.9905860720364
21.17056816962821,55.30653533573289,1013.3348456792958
23.533902240205364,47.14135982720285,1013.961684856191
32.94324648002775,54.94510244555489,1013.679537960863
27.37640728825333,62.088535425343316,1012.1793227568388
25.806850814037595,60.58212727085056,1010.2171000836645
28.640072903411152,56.065621037254495,1013.1519038793059
30.00713094467018,40.908025410227566,1007.1885558376548
32.46959526360985,64.70482996129107,1007.621290946827
33.793996919571704,79.723444790822,1011.2469387058412
26.560925416843656,64.64251238123003,1011.692790570835
22.695809255671847,66.09135519053514,1003.6975392857414
26.346139355506896,65.72445306155102,1012.8205855237981
29.041122026331543,63.970466698824,1014.0909135116776
24.144964295157557,69.31665966868096,1010.6908590501348
24.17139634041983,63.95373681185666,1020.497865133136
29.37515152619954,56.87322830346724,1008.2682595747392
27.805390593718194,52.04011089991246,1009.5556513464526
28.131187981646345,57.510263447193246,1009.4197323754912
24.966018661199723,63.141294964506656,1010.695249554836
27.078397143176932,56.83917038877026,1009.6851007481348
24.303067422926784,63.1433868313143,1005.3727578215805
31.560793644499146,64.39150133700417,1008.8138068150541
32.14099733889501,68.33179431270182,1010.6095172169037
20.615248551047625,72.82794968838981,1015.914288328248
24.28195655923036,60.780074184788575,1019.8089730934917
22.013882979639682,46.92223434852339,1016.3418955914026
25.399904262372406,56.548959031808096,1007.8984838813096
27.666248120838556,60.44062567406599,1008.2167615574954
22.20141912120588,41.6423124382291,1010.3626856899626
24.312560747498747,73.88664520102482,1018.1382355554143
23.984170511674005,61.423779125104666,1010.3383037912724
28.829069317595774,63.81352834580285,1005.6899700378502
28.277377348145002,73.65526462526266,1008.9952914521879
25.113049786650986,53.69857169857653,1014.0282240072777
28.707283488557593,65.7404193088403,1013.7597611075844
25.813279661650938,58.90135876898064,1010.1991333340334
26.913379558695787,58.159131329840804,1013.7336586942401
34.69380836119415,52.278076121956204,1001.9073111898126
33.36184420716139,76.65603213686528,1011.4153169401308
22.80167505228961,56.24499959924429,1014.4427416854745
31.3189296715167,66.99464246895703,1007.6685468993819
31.24558621796637,41.24992612528064,1007.6546458540148
23.406946844989527,71.79988529689787,1003.5342073889461
31.275110575019443,70.52211155957059,1017.3595823792427
34.151727673650214,60.97434110297303,1008.1193840919137
23.509820775022344,57.73057533862075,1011.9641731114484
24.329988715942946,64.00000005613566,1013.4156681659335
32.07064586737401,82.8879066088029,1017.0482717965658
29.08598124330259,42.36763301096515,1010.3844089040574
30.20590510095809,67.82027387574128,1008.8422808248863
29.36235686560199,50.883826978460974,1011.6922705942823
29.562783683712578,59.80081603700269,1016.1363211061691
22.694111486755666,57.52119880921337,1010.3193098743968
32.189270826485796,55.716817422022444,1007.1805236736637
32.678359969711096,59.89534870947271,1004.8369687667386
27.082437023727888,48.6582885472221,1006.114810461579
27.82609220074455,70.29180436127967,1014.4575659896267
21.875569989777112,42.058564888014,1009.7175020947727
30.05701902407134,65.39764512828341,1008.5699163603172
30.288229766856578,56.73464147465429,1008.1361311072642
27.751235932002757,48.29075106192546,1011.3401834408007
32.49741343948201,62.02383370598695,1010.0421796249377
26.663691076080237,44.43048913293522,1009.9074714251229
30.2584237035744,60.39713821719635,1016.3972957112429
23.921342645231537,45.77123092188445,1017.1520651274466
27.905791396503048,64.61272084317831,1004.559913308364
27.302582968388656,50.756426663696246,1012.3103709245719
28.901231688163765,55.49005982970691,1007.8925516055144
26.521892284666567,62.93949387943162,1010.0069955445556
27.474109617313328,52.27457888157764,1012.2371135405068
31.304188685766025,59.42036000331697,1010.1491203322763
26.25294305104713,44.86169498755146,1011.9218395225105
21.573691597045283,66.30875603596155,1013.6918808241277
34.998335616821684,77.6491380555077,1012.1783072021612
33.52581631476195,87.92208867909962,1008.4126547833295
22.830949219577526,60.91168146666439,1008.4832015721187
30.758831220980777,67.88204140797187,1005.2411788135279
25.98810091779463,42.19374327092511,1007.5843188099171
29.053948861324237,75.02734326305588,1018.8482734475941
29.176896516053976,67.76228504724106,1007.831985703619
27.062368798734713,55.16066555048767,1006.2264847502247
24.864937337654414,72.37180800289009,1012.2797114473791
25.237835790734962,57.455239233546585,1010.5585409628326
24.33523233807503,55.41974816985444,1010.2176270526031
24.67271116707822,64.75334925427491,1016.6361838656484
27.73128683980258,49.366455001696814,1013.1965067022335
25.136960043556993,70.21624764399948,1008.8800282731861
30.72820826285048,49.44010188073157,1009.3020963296328
33.94898462134371,49.49945210176814,1008.9896539443772
25.679787034519826,50.90310211591665,1014.498958486321
28.95761800214151,67.59500037516122,1009.7674094821874
29.998740441211737,53.83224638480292,1003.8273859901834
29.888009083677098,46.520042156328316,1010.8067212850626
28.30382107166435,53.94320000064202,1004.8518959954882
30.97072967343889,59.67957629319513,1019.7369224070196
29.92899581072263,48.19027516335615,1007.1373283446111
23.04935031069081,48.48318890965656,1010.3525409385691
31.47662425755709,81.11296334099585,1012.0328109388046
31.54916334906697,51.394345961861134,1009.8453673572831
24.946855583285675,56.76957631226993,1009.8398783941352
28.15175134179041,56.32762999200714,1012.6873091446436
30.733315971244277,55.786431922295584,1017.1048638351851
27.162744721682554,66.21346739969103,1014.0700363272692
32.29191219106405,69.4814295047205,1016.9140555142942
37.455489978477445,56.94045568468408,1006.813523567626
24.85605586946007,47.63521713407651,1012.2694505330214
22.4758215873849,72.74440227848903,1011.6209842082332
29.2152743824195,59.04658908803317,1012.404365166707
30.886250020504573,77.30321814857169,1016.5049278825422
27.076534504620923,37.54414102434837,1010.1168434008318
33.813042653284135,61.954032212833205,1009.3779865337837
22.645576801107005,79.18606333876208,1013.1359231896746
30.771674492126444,56.46735864561842,1003.8871890897366
25.576556716964426,57.74506576665364,1010.0525918035113
34.87751162482919,62.95511691590339,1010.4632092428582
35.97006141267247,54.41204181115043,1007.3185655347723
24.93337364886661,56.87928067947267,1015.2282360454263
25.801771456365678,56.62184905808597,1006.7510387306269
31.438351547919208,53.72579265573627,1010.4565078065448
26.45147740084194,72.2885655020056,1012.1726289012919
27.818355128271048,64.61078032296435,1016.4138062459044
28.10155368216964,62.50628232103302,1010.9577742604766
20.321307375209376,68.08571006890116,1014.7446143765128
27.94464901562305,57.35644166796533,1013.8023815891086
25.241088903743304,52.257961816470996,1011.4938302246766
26.027508710400912,53.973756953854426,1006.6419463669062
33.774528013875255,60.01783041104609,1005.2616765563826
22.973972422882973,49.40788291627098,1011.4260216056767
31.252820746991908,54.997389834133244,1008.8292125043896
26.884148278672765,54.838833581285655,1014.6770443667251
26.88095932601666,81.24556229829014,1013.9834260723943
31.161487584206846,32.261850600660836,1010.2615560222519
29.36020517827556,58.203802785943665,1006.369148304235
30.282451988878123,77.2569379281477,1013.042942198429
31.872738642131445,61.21844464132454,1006.9282022154594
26.67476646726671,67.53417473421092,1007.9661443082765
25.551053061969,60.99826315099768,1007.0823370471394
23.65939789376881,53.326666187835194,1010.4459959122402
24.69835788008418,37.58084065491087,1015.6807693362822
39.7963777012349,62.05455687036303,1010.9798365191059
32.978718322947145,52.24393395397609,1009.2271252302892
22.595702535167916,51.99664593834696,1004.897540279819
22.71016817302572,55.01012744020888,1013.2084983389194
29.927464246873967,77.44861406623494,1007.8783815762855
30.189059189511866,84.04837542253972,1011.4700704766324
30.19553534126946,62.17207937528401,1009.5831255363335
26.980176825785207,55.35232776088272,1014.3527088783977
27.498182959988398,48.2277358254879,1010.3710544318858
29.31151809663743,64.68540161546069,1010.7642945819078
28.343572025173323,77.82905600065143,1012.9429885898219
19.12279850900986,57.526596129748434,1019.4277607290527
27.080801477699225,36.21003959246776,1014.5537877214342
24.594374262958745,66.70049671815524,1010.6455755746056
28.70084567563405,69.85399711450049,1011.0127919624612
39.94103601041364,44.141543596141524,1008.9005621587023
29.46992666189722,61.76484183662953,1007.2000171859212
26.745881255310408,64.51226016136098,1008.7889968517347
31.68720600790901,59.26892697991062,1007.9114041451522
29.930751548836852,52.09229080914646,1013.6134735351835
29.680377961807366,70.15937223563556,1006.715220568524
30.427402372862684,55.966202540313176,1016.3328422455202
36.226174259318164,45.14813837300068,1014.0081855344753
23.47644625869634,39.50525514330319,1011.0820069174707
29.894528307245817,72.6084951999931,1011.0012744458603
24.294475480073846,66.16663976471118,1008.7708747615418
30.222050585368994,60.87973547129169,1012.0803376453911
24.325253954055622,55.59725363149197,1015.3523698528344
26.330532745579664,54.71001585796873,1008.1873741509768
26.819640343048373,49.24263351558389,1004.8664316443251
31.903266877378837,55.685443554401154,1013.812873019427
31.673817775769656,38.79912784879826,1012.2974638969752
23.017130494214463,52.63936346531486,1006.5192047942353
28.219736443999395,56.89062483648906,1008.0664345163435
25.16168058100331,66.09880047190418,1007.5635829037994
22.965980357298662,59.60073536626636,1008.101870923863
27.131931798302517,67.9492311387556,1009.7052689838353
26.766068846176722,73.4913510511343,1009.933810782877
37.70686594538209,70.58170093824101,1008.3968253797261
29.731839301442786,64.70509847378557,1007.9673447220002
22.48952999698305,60.11862679180784,1010.0848626243225
25.74090398331623,50.19211991586441,1011.6707661394382
32.085533181717594,67.39944051379317,1009.7348138545407
36.3537710914797,76.7974738222153,1015.6346680933652
21.656066751048165,63.42106039650418,1013.0323508576831
20.48030245944382,79.17259148426123,1004.6366165725652
35.48386070148713,44.744282919389164,1013.0949110616555
29.558456709483615,48.45836615220459,1013.4221759303423
24.526829072494536,68.55201507748262,1009.2610601275032
30.13851634448974,62.64290210153251,1005.0192096507874
17.457009043932487,73.13782176571807,1011.0322670376445
28.013502026388643,59.845283592732606,1010.9691653940711
29.31128469137234,51.32024577471668,1006.5134150538672
31.69708055815132,57.86406757794958,1005.1951231349602
23.94441619082985,44.67316029076266,1010.6497858141862
28.342748645613437,48.714093269029654,1010.0676912317967
24.29830149576165,69.7244399791801,1009.3309385387104
29.021535022697268,68.7278741446961,1010.6663570610137
24.418614710547903,63.63004284806077,1006.5888945047187
26.367596643359118,42.78922479039531,1009.2607175485356
24.016738420839083,56.41596424487111,1013.1333001224574
30.60454496729463,47.75000111339949,1009.6001196785949
31.43380446662666,71.76533253787765,1004.3121101128298
27.061517720170343,54.16277866437399,1009.1092308891057
28.152951979840115,49.1425228921845,1006.7193661459726
22.205634341465824,60.297961651214244,1012.0685451858469
26.801293407972853,53.59845543165388,1012.2753496135217
27.79918153183302,74.83743910203707,1004.3649014996558
38.4831723641199,52.65189102465809,1014.0360518823287
23.552131896903347,46.00771740775369,1006.5512547948857
33.85670895500975,38.470864842424845,1017.2367291619294
31.987435093863233,59.69213497586585,1010.8048949419975
29.122545617960547,54.38069886142074,1006.0144260058433
35.03448193678054,45.71095393488273,1006.4320557172292
29.488421890427453,71.89226461255785,1012.3923811671493
29.556636782671713,66.67245147429242,1009.4348004404064
27.787517387929817,59.717821210627704,1010.6133843615274
32.89427552967451,73.64326244170867,1017.4511209307882
32.38587693524354,66.62536033398612,1008.2030237430837
25.49729085001515,51.771440984815676,1011.2398514307828
22.72301122160493,49.60779836009234,1016.6793779494922
27.18807745041737,68.17981544453862,1012.0820539018656
24.799845742409413,63.96366956467351,1004.573589058568
27.74590170153858,61.697477679706616,1013.0215560469286
32.949752538736554,51.535021971310925,1006.3479885688662
26.17079337965284,66.07947567005753,1016.6272301149319
27.8287064747537,52.44501116866051,1007.7085295800081
28.23209093923358,58.98013345406322,1022.8780380309827
31.393723528821138,74.4694414638698,1016.8695039533108
19.01244266406158,53.39165764189854,1007.8135497214881
25.573198820938813,44.27010742927139,1011.0800552200064
28.84513476911789,49.4745280812989,1014.0145771265338
32.80031582570744,69.94298826687623,1014.1346418969068
26.03239020997518,62.547311373802096,1012.7693450399048
20.493789175832504,58.71122621311246,1016.0086361478644
30.478845783864546,54.90906194688431,1010.5081242134626
25.458550444697483,64.8535990755319,1009.5331293256959
23.241333363638553,51.508951490097765,1009.6125440483015
25.502618441147103,63.05665568642596,1014.4334929278886
27.2618985693766,52.68745431187043,1012.4607241612106
25.581021341847148,51.02340614724946,1012.165134662761
19.17773577160372,53.62512565174988,1014.1809369970288
31.58826478754853,56.24592553516038,1002.7957903685846
33.09950016511489,59.51170164066297,1012.2402752955006
30.60608796535802,62.35455795111115,1011.8742755554948
23.449257318300734,23.11634708571556,1017.6752323252028
27.194033864209928,51.92349442253235,1004.8856480709453
27.97391473908217,56.08430022643961,1017.228746529507
30.395177558247642,75.0506203860833,1011.3016365156986
30.673361954872323,49.19997391617868,1012.9559581226401
25.063304804886016,61.627966180999124,1017.7036751504376
28.327982225654242,74.95030309735837,1013.2430450720223
29.829121618460963,46.870314700527274,1012.6014731578503
33.82328928858706,63.93975225864402,1011.9691647432093
30.818026159298892,51.977281660654796,1009.0660874600225
31.156226749502075,54.95366257710766,1010.8860435019584
28.335306511717445,51.96889166046685,1008.137948935509
33.641836580814015,52.68142691584114,1010.821732402298
29.63905118383799,87.21912147906494,1001.6562772117796
24.555648359305717,68.44455872071666,1012.7161582702702
33.61347988050076,71.0173786178621,1010.5130509848655
30.791613090156112,64.91993486836496,1009.655185053333
26.22782391548607,43.93743211598042,1011.8790323357606
26.082028130403028,63.94957970323307,1005.2657443081382
29.186302180563047,70.72929614507346,1018.7170799864851
29.85273918107034,51.466005259608885,1010.5889301540496
28.789169062524827,69.65326667161126,1010.4166222681113
29.24523469377154,67.04336209854078,1007.1384151594683
34.79982949830552,78.5204004481367,1011.095785529797
32.286172608939545,55.82216987486381,1016.5478395610932
28.762542365060096,49.023890177242734,1015.1436648377281
31.765242323069934,56.383718906274545,1014.4177510045622
23.869904385889843,74.35570993163623,1013.1855958066691
29.591708199787234,41.71594119158037,1009.5658298897496
35.23722539893244,39.31624284568968,1005.1993473318532
27.127816418430506,60.89395278931613,1010.1958449125335
24.60946428552366,55.57410707225844,1010.0565141418653
25.391644445627758,60.077278931756844,1015.195177758685
23.64146785063045,69.45311771235865,1012.2375617698393
24.860952367489187,54.474306538811476,1017.4492461116142
26.517967605639885,41.2699416906938,1015.7899541601527
22.37773192328543,80.44481557199944,1009.1740175619836
28.062473335798412,50.02771712561224,1003.8194832135205
31.60910869514659,49.40962877987903,1016.542300935766
24.368975279412318,71.03720013722597,1016.4375408929229
34.077135694567076,56.15510878958482,1005.5351536363911
30.043168354110378,59.366101479651896,1017.03696007931
32.12232234249623,64.82790124060318,1012.5284686823701
25.368661784591453,70.83583103109996,1011.6427419925026
31.418100908266464,56.66539306818228,1017.4591330169893
23.632264398418748,75.199520059143,1016.3787406929224
31.560990003346035,38.642001512651944,1013.6053238079808
28.687357359174126,67.59787236953078,1012.8928682632479
30.213004879939135,51.60472441982343,1013.4655771621215
23.297621577500593,73.72271316607991,1009.3997702644699
24.419720630893583,61.42044478830545,1010.7795942010707
30.38891287301354,53.27094667990598,1007.3907313816218
24.206607983103197,66.62841093021632,1009.6678408970444
29.852825168396492,68.93188347207251,1009.5334644853243
22.531448774159017,66.41894122858638,1008.4587785215133
31.392696850666674,49.703037603669394,1011.5469860105939
23.069906740925965,55.15982876377915,1009.7040765971977
30.209199750718092,59.95927162878565,1013.0089388814079
30.502523734584003,59.58740347349939,1004.5107175468249
25.2129127262817,67.49745475438348,1010.5465808235708
30.328106268338907,39.85098767493392,1011.52620656071
29.041769053334225,63.343270545535034,1009.7574830406525
25.844632575229046,57.100186455633605,1010.3104292007631
23.965781263695167,51.61499383616048,1004.6590159570806
20.149497233309685,52.575132222304006,1012.425908418678
29.398600189198774,57.85462335482036,1013.5904239302682
21.74078891455178,23.989148955404822,1012.9741491768151
28.38137679776523,52.9871042920845,1015.1549082377687
26.946207135671003,51.24185175353706,1011.80611842313
30.71657110175278,65.32783209322625,1012.9147247226038
26.791818002040543,51.94473317489479,1011.6243629538274
26.682208854611634,57.8488619982951,1013.75020287837
30.927482817153184,75.42276627661302,1004.6910814554715
29.34023211633647,69.94351519815423,1007.425676128088
29.264623828731114,69.02271399943453,1017.3475986281323
29.877070359234104,55.00127569589148,1001.1582567116152
21.857711507171576,65.43032279289652,1010.4392882806986
31.027154719947927,57.66102199546406,1015.6890998384323
30.44987517605441,58.03906789323062,1010.6269573378329
23.93326748569401,64.0968534374655,1009.3799557141972
27.023678105303194,54.03006411579068,1011.5176867072612
27.842770849489476,74.93003104443204,1009.5875192799903
27.46201286239307,58.39869860402063,1011.1233979710278
29.33543986627414,66.18360566259665,1008.2664758539195
33.725467127324734,74.55600479257298,1015.4346976798229
32.327066910691315,70.31653774575175,1016.6930596842626
22.751123226274373,45.91080897309475,1010.4664387115536
30.488279961224194,64.44895895009884,1005.454042317235
33.315733278141636,68.50719394460647,1008.9046273187464
29.54723408275681,68.91863022160749,1010.2640453595882
32.363921700743866,48.86705165885369,1013.0221555076129
36.04908178280306,53.42964762982676,1006.9679471073173
32.09483818442793,69.94558235741621,1007.9233507254314
28.997234382566916,52.38239629317354,1013.0427045514352
32.180353896339014,57.00303943335686,1014.7556353281582
28.579551332387563,75.75875809501969,1008.5136238193172
28.095612173139823,59.5220074961521,1005.667131784196
26.59434305714507,52.73225862166157,1024.1364728051515
34.25365343532843,51.22382643137095,1014.1332169483549
24.726285336231996,63.32719329585188,1009.9319849529319
34.12947089871246,46.66851991522791,1014.4761251021233
29.999456494961485,57.52664036103582,1010.5021734811423
22.402775300792236,63.33230534990022,1014.4686275564007
29.470597171965686,72.99149820547667,1011.6375727911048
19.599893969393506,66.67548080369995,1011.3650875926703
30.502032067324144,52.85934882017821,1010.5456725270768
31.540925931955965,71.7841931756372,1005.2104746661477
25.630576177391784,57.00484962452522,1018.7523795975726
28.49419078382233,47.64296977950591,1007.233864318929
35.81662973500114,58.27958640734528,1005.5599056947576
25.977013182952252,74.38169201145702,1010.1485604689746
23.7643696517736,61.65240050064925,1007.154112745958
33.9266536098504,60.12521864329786,1010.793148837759
35.850348762123176,76.37211644702853,1013.751055394247
28.01478268739139,45.68645152945573,1014.9812116021169
32.045852141633425,47.14400885947228,1014.2589228864867
33.36590366212352,43.84153529033168,1009.7774717808572
25.030063069846463,63.72648186480055,1011.1983673106463
26.058776658528526,61.66493127115125,1012.63151620359
32.92349805261894,75.42736367279775,1003.9688503042318
34.74005711483404,62.4347507713677,1013.2823388004795
30.25152344069742,55.95842840520697,1005.1708028496647
24.480742585991784,60.01794872878107,1019.161386395626
35.948244446797766,61.17707418460958,1009.3819396614332
25.876116408752143,43.28238726671833,1010.2604992912217
26.659448875314194,87.10331644334893,1007.9211716030486
29.369351337958484,65.19871018101911,1008.4801198725772
34.2166416828591,62.10008308022589,1020.096374276573
31.415903906208897,66.1516398427858,1014.7614787544932
29.659462001447643,67.09410980586605,1004.8031902194086
29.853154120472425,58.594465144975686,1017.0168516027409
28.174058674573864,53.687588637592995,1015.7729691005658
30.232558058074027,65.99450686321704,1009.8751501508468
17.88175968922279,63.85710840531453,1012.2267877681194
26.813570163720808,51.90109900910592,1010.9402236823157
28.965287739667126,74.19035611367264,1018.8903196177878
23.395943665521973,62.93352036322983,1007.8148392440316
29.54529327124624,67.29819362267631,1011.5840424391029
27.182115116055513,73.91920887679919,1009.2874186760288
35.02190279326196,60.21888821164835,1005.2678383815286
34.29207890085942,63.169520069841155,1019.7665530202199
26.13677772352735,68.10027238506116,1006.2737336835903
27.396649153733218,52.75138916199948,1011.8805167499511
27.70420973756643,60.54051662846001,1004.0371975744787
26.193362095361508,61.255485866511485,1009.4037178430276
28.780099936112506,50.439414483166054,1012.6878752857339
24.96687172444964,83.17636788673879,1007.7010640819906
23.477538660249895,45.92706556507598,1013.3472074029427
30.490844895601075,47.01896096312842,1009.9238356324477
30.518118336887245,73.14226575703579,1015.6403300495945
24.78273696136003,67.13266250796542,1016.4470436533609
31.581421723050397,49.74035182519222,1008.65302095708
25.473689083338673,66.07289015101694,1011.3069314375718
29.012660952151926,74.6785044499731,1011.733816905889
31.281376050449825,59.69736942403014,1013.4773971817388
27.86554974118515,85.98822900074582,1011.057527984977
29.818963648564537,42.75938189131965,1011.7608438373713
25.934281424449715,66.93823453859102,1010.0263741008196
27.214133666287612,71.66528336221003,1011.4609594678881
27.176562276478638,68.91343901605246,1016.1917607741406
25.013686613839045,57.95644273354352,1013.5843329648474
27.29290334753687,57.09558517988851,1013.8050225577734
21.805526804545014,64.44145171087257,1013.8922812965424
26.035385011431583,68.1575448665207,1010.3847648884758
26.860498026521316,66.02473436282364,1012.2753081743181
26.97528099001848,70.40057890793389,1006.6593052866571
27.034010216516883,49.81130042933265,1016.0752306252679
27.752943200559486,57.72229020876365,999.8681582706271
29.917766072344257,50.59984067876246,1010.6514064306583
31.49806829653009,56.138872239138585,1015.5635839086011
25.400939092606933,70.15220891814306,1005.5445282654827
23.187196578443423,61.07983920725229,1012.5991196704674
23.83182235102759,86.0685916314977,1008.276934213684
26.05118831522029,61.93406367189717,1009.5247869392446
26.592314728733964,60.596918805797365,1014.7837638425577
24.92001573521017,61.061829194402165,1011.7922277035406
22.81553334300042,53.62191307140064,1002.8625765284626
26.175516690103247,59.421633876224064,1007.0942978410736
28.725706480455884,71.27788027111646,1014.9013429395551
30.38011786334226,61.13970668127772,1012.795770872772
25.770307787566715,52.06540270116528,1017.9925422900972
26.348008711426264,50.749153795213644,1017.7305903760532
24.29320676461076,55.497981083341564,1009.6310194794129
27.874243318500895,60.7386343441088,1021.012951220278
24.60628546323674,71.93586535476263,1011.0979186794076
30.2925112529648,46.59511358633563,1007.1493258623639
20.856534032263554,56.80173722111244,1008.4654405363577
26.56148131019015,61.44310019435079,1001.9730995788424
29.20442935676697,41.66294232370565,1017.4280760329971
28.735338065290016,51.66401717033594,1017.3790479561754
38.77213465592199,53.201114602638135,1006.9379702447467
29.39920009827163,52.040296261495016,1010.0884628464723
23.983781612631958,61.918895450216475,1011.3824301764503
27.618143011643706,58.39440390498203,1007.1585877914315
20.895014666134195,54.44713897398964,1003.9795918749154
27.677601002812956,64.27962626552635,1010.1585695848923
24.667775771996965,77.2307471764625,1009.715682282163
31.661561102240647,76.39256516741753,1009.4463550360449
25.80183890161786,40.77228227937664,1011.8908642504039
27.532936336819013,65.77072183835139,1016.718078634104
25.457768634382386,58.21976709936162,1009.7876291212331
34.95540540741332,61.55155342865356,1011.6817719948855
26.715028935528352,56.01716966457452,1013.9074820949797
35.33022817391681,61.17588629887202,1013.216571706051
31.256607048473064,61.51407396072019,1008.5423059022087
29.928266909341545,54.210482426510765,1011.3855084924561
29.47493258927008,51.03632452174819,1013.1901592806762
29.575189192865007,55.51304317380516,1006.4865946499569
20.28930968261756,62.34259264456765,1016.054156043186
26.884466423396972,65.98996341684264,1016.7263556208565
31.380631884737287,68.53348977340147,1008.108878978222
27.80441126610358,55.05809976933087,1011.7746800733927
22.3792406127857,62.838445673027366,1013.5691130266841
27.79038219769012,69.62502591953299,1008.817543374685
34.81642206502197,71.65594895144127,1012.9264553827524
32.98756686213888,59.41167145868478,1011.6530225051687
27.751983962535874,57.79068275060387,1005.1283272894448
31.805797108232348,61.91124233836392,1012.8366452639142
26.533971918527794,48.502925271025944,1006.5994303349158
21.184513652693123,58.06390488964492,1014.7568114066482
24.30213604748178,67.4458639847313,1008.3151556994644
34.251555074032794,66.41947129443702,1010.3548582653555
26.904027672682783,57.29732395636111,1016.4891156537863
27.026464082499928,62.17718201087167,1012.9855265861154
26.80064721490048,51.753496597093125,1006.6821043217018
35.61654635829203,67.03492148225025,1006.9403337168037
34.50383566144825,59.22178563863527,1008.6027888455051
36.87512093379254,57.24048548303862,1012.5785763334267
27.363819158399796,56.38276163906613,1012.433199259731
29.18249795498838,59.37106133100142,1007.6275907813485
21.933429802316837,55.52122355068042,1006.3311620575425
33.9077377044731,66.58143036002564,1012.1263336203433
23.32888179492826,56.04716451983819,1010.2725597368393
28.867102255050515,75.92964096027382,1019.6288635497909
23.610789889468624,74.65210503481381,1011.1464146262523
25.644532693045214,51.084565101454956,1018.2570113108011
24.6509502758012,60.697042694292804,1006.3184656075827
25.56849895729673,53.49343378663805,1004.7071482417532
25.843509187404084,56.73352436811388,1006.5196594698979
25.80692482029969,80.02427467644797,1015.7565191258138
31.333335647121228,56.92428582884201,1018.0244063587742
23.58054882774992,63.60226037077429,1007.8712821841895
28.882165708055467,65.41321294008279,1009.1577358809618
32.871836609222235,49.9937062751676,1006.32407635915
25.947214541946416,51.44904525590795,1003.7534406115265
25.128324437009592,47.93977628591881,1013.8736467911065
27.077901499278997,51.14029266102223,1011.8920812118487
32.71890083344284,31.49969890682818,1011.0419519306955
28.77643052381343,65.44582400793628,1005.3997738513465
25.875142821569607,80.5419384125607,1017.5598267273147
29.93550660475216,61.47820739036527,1008.9865730478022
23.590831400654306,45.837311406593926,1013.1345056992659
30.725438041771792,53.57223617100052,1005.1817543790211
29.634429230807072,55.41123154975003,1010.2378992415198
26.768766115444464,49.82415222786624,1012.1654978249543
24.645656806211075,68.60182638395156,1012.3083008722132
24.453276310866173,68.10260044375335,1011.6185941729465
30.139269345383642,48.445482061823405,1012.978089968195
32.91592200995625,67.25081044447508,1006.4779181758681
25.45076901188482,75.26812663577266,1011.7894904217586
29.83354681420594,79.02558205229559,1011.4550307339211
19.651891925591727,88.65212023085962,1011.9266907367802
25.661529077371203,50.98007350556803,1011.2893808692768
27.87576426851639,88.24220426395203,1005.9071489043464
24.361266332072667,56.457936114912115,1005.7288009915641
24.253974500841615,54.07534544619486,1002.1429272564618
25.328881774124454,63.27072374877845,1014.2701380393812
29.168770913305494,54.17938665906988,1014.3106300389408
27.250683926374503,63.99044140646526,1014.3742011648885
19.04707506670011,46.799228122626985,1012.2271598498459
19.517199389459734,57.61247397936566,1002.4675231291276
25.5725392885713,72.8558223436168,1006.893158032859
29.83074634421421,59.42938708568844,1011.6816616703725
17.00998062909906,61.41595786739883,1011.5420720111672
26.001079295393478,64.75258604717311,1010.1090071473919
25.895008573930316,71.70661629317661,1012.475668811633
33.553351112833795,43.447752878105675,1011.046606830741
26.459912753148544,65.84524051837435,1011.4830818622055
29.531955938963712,57.31860860758237,1008.4437386686719
28.56502856034985,61.66637895311838,1014.9280439444864
19.4777340807712,70.59950169762377,1009.2769135652785
31.072828866526947,48.058133485881555,1005.6774036679175
28.86158602182515,49.87355558556911,1007.9160039487251
30.03307455869836,40.645700402861934,1009.6061352345521
40.0,54.50841058236224,1014.9760111534754
19.663548242005646,73.30432344378816,1010.8309280062608
34.898786599044435,58.7941281152653,1010.2554071241374
26.850209922398577,46.59875104345214,1006.0053463009494
29.149315617612036,55.14321255424953,1014.1419303593183
27.817951018795032,45.12138296509377,1008.3921913839065
26.303054666407824,48.74813898268838,1010.5998885642347
25.720668287044965,63.888189102637135,1016.9207323075275
29.318034942292037,48.26126673693971,1013.0350533241972
21.931305213313284,71.12634305203302,1004.4869838091392
31.002316670087062,59.28879709169664,1003.9219590545902
26.335222380458983,60.855947039445255,1010.742758199523
23.47972264383857,57.21627032392106,1006.1490375405008
26.199948568016744,67.72847838543723,1013.594186990532
33.02859686745029,67.8315988777701,1011.1690522598599
25.858659651935106,63.350543519121715,1011.6615390760954
29.43381447283848,65.64789105907649,1008.1730272734305
25.076174897138106,57.87910330079574,1017.9655346211468
31.031687399694476,65.42203006909048,1022.3703749120418
30.742030955160818,56.62122224526193,1009.8856611049731
35.39443533318565,60.02231622162402,1012.41215699366
27.29774421800314,57.253562506337026,1011.3896693722572
30.674619219031626,55.42781460680804,1009.9612525462358
28.392270158155778,53.1088820227821,1007.6717181290688
33.183487127452054,64.67690103858885,1006.6601280500781
25.12467044956508,73.10605912813463,1006.4576109378979
30.980021251509125,71.71101971669559,1012.6209601021966
27.221210815533272,47.43434664054565,1008.9213020871855
27.74324729156601,72.89203051406874,1000.6868285994378
28.36700993779349,56.81841498382071,1012.7794328823933
29.00896158570671,66.00733015145592,1010.8469548701433
27.535083827512167,50.937846679527894,1016.3866920056046
28.858852732682106,61.41979913874005,1012.492489588364
34.31247223024874,63.13723182896907,1005.0853056147588
31.941798742460875,45.15395208080347,1002.08129343708
31.476618369987587,66.08267166344189,1008.1221104626483
26.177841895904518,73.45935007838315,1008.4995703172253
24.443036687086703,58.25352054318372,1014.7726368040006
31.821202232951013,73.60168130828013,1010.9645162708417
31.504187170119177,58.103065065475924,1015.534753992394
33.890682703003925,68.49584531046617,1005.7006677771894
25.584077496123083,37.814300340489005,1014.8610575375218
27.081805378558613,84.18777779313464,1013.8839566137236
21.442063349898262,74.95458245242958,1002.9270635542753
26.43011557575651,57.15374495746321,1016.2904713650431
31.98628204231779,40.279109733561825,1011.3738339670654
26.134018483087207,62.88028368305489,1012.568178015474
30.561919180803294,45.56074452926243,1007.5404155502863
27.237987576008756,64.44853537557488,1016.1009880516879
29.296228112886244,64.11565719164282,1006.2565906830445
23.40923444073733,50.58596830997975,1014.3283680734958
28.340837798535603,71.20967023614378,1014.2824299036347
16.035456116397107,68.05574702806173,1007.1033302873111
27.25241536735206,69.75823337288563,1018.9334943976903
21.47810702513944,60.08857703668895,1011.9261139208701
32.823978066187266,45.844759330862935,1013.6155704410841
31.109629411058044,69.77872272211138,1004.891516818657
29.866683927864322,57.296286008642085,1019.4709200120343
34.08402490863752,46.102198568073305,1006.1017722390997
24.20433391670065,73.52039365974326,1015.0995457310637
34.98945279166223,80.9940752050251,1007.0209131282733
31.72876625704154,59.587518710207966,1008.5240447886092
27.053778851124214,81.59121154603292,1014.1550161755417
32.54248058873178,60.9131472861135,1015.1102108547007
23.574825950353464,56.19544095833649,1005.9148630035436
24.701943353889305,53.69541545814523,1015.361888676228
25.5656411070412,76.37082407992742,1015.1799219805328
25.884089167743937,52.198561186122284,1007.2481863646204
23.77376942895899,67.35269309974987,1017.3945903743645
32.8923322683813,54.408361649407915,1005.1725694870079
26.964582398520673,55.396932374256366,1008.5009096688896
29.41001987342752,70.30249693969567,1012.9160104963679
25.71859453434528,56.19963153710646,1007.5857348611896
20.717586797805932,55.95204620579707,1012.0552763427173
29.080229433565687,71.32804697174807,1011.9643043152132
20.350980098320893,75.97397293221623,1010.2517029203091
27.725463815658127,66.44689803284233,1014.3296021543622
22.526739844668757,53.452302243760506,1010.0865568293694
35.949103996923235,54.893915007024205,1011.9261642752552
31.645450888698885,60.799152637400375,1015.5858875099516
28.42301516508592,63.209300619256574,1014.1627448401034
33.05482671061868,50.121340898602284,1014.1440691632569
24.614736090137058,67.23037939579864,1006.4032815911329
30.173917514680372,60.85513329639599,1013.0991703020053
28.799241734874855,42.84291681361871,1007.486004836122
29.05608032533468,50.7107351753927,1005.8743400808879
33.08941400042707,54.95871326348336,1010.7131746148601
30.92996841111921,59.27142311158945,1007.3828192533937
29.154894651300093,78.89278795503996,1014.1624708753599
21.380450255086814,62.38171306139628,1014.2581418387813
24.159814818882147,51.592281101013754,1003.3894950542742
27.509164265617102,62.20630804307163,1007.6867898416924
28.373489497106604,56.47912252546119,1005.160853312328
23.479185101304303,63.24758239533542,1009.1494828936285
37.646706702313686,65.80567687035615,1012.8207026794753
34.06557622101429,72.09230647223939,1010.0308476072864
30.408473281569933,59.75713504329974,1008.6409630373314
28.288147445134978,76.38960527599833,1016.2007061072526
27.151164120395393,69.08022662536192,1001.7805713096149
24.192326159911058,52.92560455187812,1015.9474875740729
28.309922074075452,82.09855665748464,1008.822846827378
29.031010160571004,63.269945132700975,1010.6875639595488
23.032957698073503,51.64875496027765,1008.8905466491195
29.33670566897959,76.52913051230422,1017.1715524221564
27.378963804701005,80.77777585198444,1006.076086012779
20.368769768490438,59.669747362804394,1011.0469454788878
24.558459956881993,54.96349739624404,1013.10975460744
26.345577866313423,58.27625042546338,1004.5559889284593
35.55075062936076,67.147317275177,1007.3204073182154
30.226212498135034,72.77856655030514,1010.4072858660071
22.658073723600435,65.70487330863574,1007.4533398612625
29.944145157670548,61.0172320847177,1007.7376329151234
21.81078404424654,74.98011770304427,1009.6005493476943
32.33076421554829,56.87163526948478,1013.5983253265847
26.115501392728486,70.30919338366907,1009.6291288924874
27.625455245043316,57.11937201648721,1015.3137047778918
33.303186590168764,64.31022958010894,1007.0089688693625
22.851345725663002,58.86437435209549,1005.9923109581061
22.411527259548034,59.44147817347189,1018.7053816228845
25.66560269461598,56.2261348253779,1008.3681674893379
32.15351540407727,73.44854031180694,1005.7563519717114
21.92261569809263,52.67073961891465,1004.0317842329126
16.671377607557723,52.59767747451291,1015.3004138152357
26.195364566364006,81.20993565845109,1009.6347819413597
30.20696319964368,69.77847564654331,1009.9851610597344
32.801046998955314,36.14886301306964,1010.3631931536535
26.147354551658402,54.34741260789596,1015.0517715386791
26.35429357153599,41.88010662437946,1010.2818806640963
32.61560293702299,50.49309306584745,1020.3762151153305
20.521033201218316,28.614853337659603,1011.535042296217
26.445916899267964,58.63010422306058,1015.2471390678332
28.761695559700232,48.58058180838688,1014.2209594316176
29.796874885140138,60.599052567964385,1010.8542107189678
25.96077322723647,43.74878741117475,1008.6521160559181
28.137764046823364,60.8291185317204,1012.3278557142662
18.046690586348042,55.85083721879673,1013.0403949248291
25.367006350664607,75.01952965188596,1008.7096558074938
29.81403485021787,74.11356861745625,1011.6653554638026
24.070823862981282,67.85345603010283,1015.9448199130384
28.235936886358388,56.73386219338787,1019.2797909562787
29.78749000321079,79.85380395260293,1014.4174772813977
26.62980319656894,44.46964722160179,1018.4510387455211
28.681855083986285,45.96441370436337,1008.4825031551742
24.149069738861552,59.162169001109355,1013.8075290082372
27.173554881215814,82.5403810892112,1016.3540780343251
30.44086467835689,57.97661093129913,1007.414666668112
28.627891843873737,58.16754756790718,1009.05763955182
25.653874921744258,45.58089643888191,1017.951619047341
28.896865617163172,69.45929585270379,1007.0996045768522
30.85843916254647,69.53176254329354,1005.6354798693771
19.800234885690088,67.8907520139991,1017.1119262945581
32.63629625982359,53.70779327152638,1015.7870528999217
26.65498104527571,52.93293231626994,1012.7284809759351
29.701959732960923,47.0687774959503,1010.8171569814167
32.78898769458091,60.838725017609335,1009.24590197758
22.513305211078137,49.19592670721498,1012.1277954952362
25.162235990289815,48.22583494750711,1017.3192278296062
26.84580521649718,55.76309283089324,1011.9542645045683
24.864985915502288,55.10843824815784,1019.6678370689879
34.939746303347235,54.62021471178045,1007.408232057439
24.57291162469283,64.66444596840262,1010.9212769826869
25.777812882052533,60.79047802150279,1009.5077653293444
28.81755612641191,57.11843969488882,1006.6594338273507
23.191401895695645,61.83012928311482,1010.3876650679614
26.417277152974943,50.08472958895368,1012.6693172066417
29.2698130450007,61.05278623909678,1013.0969207198082
26.668558382469953,61.50602492844634,1019.6818087157782
27.626452564400207,44.96953140642519,1012.8578698788942
25.882671550206517,69.95693754370362,1015.6005472147185
21.94211876327693,51.185662947730044,1011.2643769851959
29.286372845356954,60.903097992064346,1017.7122224018104
35.01973228658897,71.6441174053527,1020.5937971423523
28.07360652313375,69.25676757713869,1013.1243405239038
28.9010564689902,60.34333388568835,1007.0293639381937
30.770891020467438,56.37500997117932,1008.8047799088913
22.922678013813204,69.47511908575567,1012.1277372128206
34.81005863251842,66.7469497780862,1012.8259921410025
28.809315185691208,53.8163497995587,1013.7937005375375
34.52742759635643,52.0510635299831,1012.8407907249201
25.067868017904043,39.27644818304002,1011.0279396650237
35.272247690231296,61.54031841683587,1008.4552062351914
31.10062197613913,59.17302254981601,1012.604553045057
30.212160343409433,71.36191374642542,1018.4199494299227
28.93609781741259,63.590550934803666,1015.0797144217111
27.0058855277022,73.3422919417269,1013.1388157985448
32.80212663389549,53.02635772083829,1015.118267695291
28.561439479392188,71.38150330967619,1009.5157438843966
20.13172118565139,54.71083620895345,1008.9669394156667
23.53125415317199,67.77596061792272,1008.008859582536
27.25661699122901,45.41241607469306,1010.4988535089223
29.23999593266222,62.351352993661884,1009.3119764131637
27.773646044400415,40.153120585540904,1015.8330989626086
32.875883159174656,57.32862514058245,1009.0987063292713
20.1955925438455,64.40353993877913,1007.7891131351004
28.57435174602064,54.790314487689045,1018.7703087153225
20.728083098451382,49.49562371244033,1009.1944990756746
31.038849181936673,68.46118469295934,1011.6141138290014
27.62216514223199,58.96537210153077,1012.8052912989737
29.678439888096474,55.10429352969329,1006.4532275243167
24.544468157640935,60.41895921154276,1015.9419350780123
33.117859726631,86.36669141945589,1013.5484761616449
32.166898656235404,71.53502849781543,1017.2335360475231
30.33417721204755,71.62573668187841,1008.2831122511276
27.481931012546237,64.35546318992364,1011.3965031699047
30.319429141180528,61.66485272577147,1011.1574230199768
25.172429728050606,36.03917711669584,1012.0555539774001
31.42222263608285,53.21019653536868,1005.1815410056913
34.59792357729568,55.19425586797526,1011.4433455147689
32.28244223991675,41.25107935952467,1005.294144354305
25.08159012077036,48.42584209784566,1012.4333362847876
29.445669269092413,40.19163529077366,1002.4854035019259
22.82743382496541,59.61676164302627,1003.5936526628376
30.289561244702703,68.18765970848816,1014.27419486576
29.802413651450156,71.06774518624329,1008.8126461792209
20.520734641871343,64.14784462079241,1007.048567705471
23.352864624350545,50.36603658801431,1016.0833824843022
26.86744441302493,40.6793484148004,1012.3105048693136
26.796561011436694,42.43131300598498,1014.4883607821351
23.16209225832478,47.310174227455015,1010.3350317107166
29.555914917408735,51.111403019643255,1021.7185147756
29.00589443576205,58.40251502008413,1008.5819445577608
27.222923472085924,49.85835781873032,1017.9779821974396
24.976833999366548,63.38975893668261,1010.7545358396003
32.19482850566625,57.677264972005275,1004.3819584203491
34.62162845235318,60.10545711741025,1012.9313949829924
26.065754064613852,71.40250552671205,1012.2590502458206
25.551332331380717,48.197682657996296,1006.7947127430431
29.964830661647984,64.18704578292369,1007.3111228914612
26.567882481012056,59.86026771523927,1010.90120942766
27.442411197347063,56.66513719030305,1012.3989912609919
30.958612606898686,68.8525632086596,1001.1173468684824
20.36257564997083,68.79014154557007,1015.2124858100952
33.27320929941068,50.53509204011572,1009.02200810474
28.290722097317364,58.17839416142076,1005.6730100624073
26.35402742175128,62.812116825840654,1014.7642662058078
27.643063383114203,57.26993251977416,1010.9055280823262
27.849717420082076,65.85021332287798,1015.864663107129
21.075194786220298,62.811920179102756,1012.751809051919
33.979752909812944,78.32561240356013,1010.9939419882078
28.165302529082474,44.69720864070212,1010.3890802200793
29.772008521789502,58.775640102526026,1012.9308510422245
31.80619908229617,50.91497488487809,1009.3458749647626
23.9153501697588,66.04107455439043,1007.589709645014
29.893887596140914,43.828281099544554,1013.4396364906186
26.929435636404826,63.46312710224887,1010.4220486342223
31.387083100865976,53.69951568651659,1011.134270592276
19.49109031859402,52.65838133878986,1015.3575193446185
27.603622799034923,45.53501796459312,1010.5444935690571
25.588717376864153,55.34924053798994,1011.0601357021671
29.72905180253662,70.84500530290926,1008.6014019541963
29.88017674947281,59.7481131647052,1012.7229597359274
25.169496420711894,66.27680417874474,1012.3993116507204
25.151304543295826,76.64641821966275,1014.6031005271623
27.55733852577068,62.63755584822576,1008.6834846519725
24.413431090739167,54.412004279376596,1009.1687321216392
31.367934781808508,64.6725221518279,1014.1685495965819
26.523171198210214,54.55703853685708,1012.0088520134515
16.372047122713433,54.955773167028305,1007.3751274952292
26.500711773512776,44.80107200381015,1016.226216270938
23.84582471662411,69.26257491084392,1004.206197726399
21.474896738156218,56.139974243505606,1014.137139013055
23.05029344710971,61.82098245815862,1005.9391518560072
28.43763388733188,49.64038071393361,1018.5431540659421
33.314563312992924,64.35947629715473,1004.8216010923775
29.25273789545992,52.38058761864916,1015.609002607491
25.57398644713704,58.58291278298176,1010.673462559955
29.823616780682812,68.77826031239125,1009.5335897206451
26.163638759124034,67.9075931223253,1011.741586625871
25.22159852334742,59.7796992748306,1013.5276013566313
23.382549327068062,42.31868967293282,1007.3823979906765
20.992684772993123,89.92810570060641,1007.7368490993257
26.44030517376222,77.45858970273136,1013.5984194604515
28.632213959680527,67.22674824888298,1004.1706281854016
27.61350531994044,52.46796218409029,1008.6630836272317
26.336132288210564,58.86407838298035,1023.1627478166378
24.217015757212877,54.56579570223483,1007.1279481416428
30.432984766739875,72.63855939096388,1015.591211167039
22.731472320213662,62.62502890851834,1008.6561969251447
31.104111655373902,52.158361416401675,1013.0361805791886
23.9911319242931,55.29244900875218,1013.6174227623849
24.99025905058786,71.21188142569905,1015.5158269407318
22.132859237537293,76.00097846820478,1010.1989846927489
25.994391412457453,75.28331563486246,1018.9555385550194
31.901249833911915,67.57032065053977,1008.6426537416593
30.062512353775826,57.47375131197363,1011.9368816543982
31.91368844811214,27.584861746708796,1011.9811077288705
30.088570183735744,62.97160023808222,1006.5121275202023
23.58532068587852,59.981712411558995,1009.8565109800835
26.67684310268977,61.399820963213536,1011.6460539969536
24.879203483530148,60.53897347033207,1009.2715158274823
33.32229961615616,46.73737838050843,1020.7636958618261
23.212845414294755,65.57408556851186,1007.6455053056019
31.574790757556443,66.32216314031851,1015.7176978725618
31.571815480435077,66.8233878205966,1014.4258392525951
35.31848080686435,69.46577003573387,1010.9445514619829
26.36125362948201,66.04051644921623,1007.539163784591
30.849288638320647,55.899705884610896,1007.9269787184329
37.12660734615537,59.2916315208391,1008.928130803134
25.529433292265214,60.911248672533766,1003.857034872215
21.859839009870562,61.07699449106619,1006.9861382968029
20.479959864368944,69.9821765597173,1005.0700939385455
30.850848115445324,66.4366875302249,1016.3835000127109
20.467399167765663,80.77343439569952,1013.4738495695528
26.51072378824831,82.06468979884673,1014.1438963954619
29.749252748155843,60.79649582613925,1013.3553278061678
28.740702147319656,21.633444515406303,1011.6678704933366
29.701779456736688,72.36832466127267,1016.8427213285165
28.889159423203417,54.59623661012945,1008.556949377073
33.11546325325357,51.98516078168993,1011.4266786214682
24.190734477044813,56.01554725010633,1013.9882353112965
25.292019446165874,55.533569531853935,1005.7151630725755
24.909362218916705,66.12269810105393,1023.3863555845702
31.32076724745044,44.405642208737746,1011.1142630511104
31.601594353580253,49.22279254208398,1011.5679578023023
29.804901277274034,63.431585541974165,1016.0275121266997
32.733974667559714,66.22944030413308,1014.6598213320409
23.287836530494477,66.41541644936012,1011.1523120775859
34.66889644620455,52.12963721066701,1011.5205177523922
34.09295448684903,50.2173435073376,1004.983405876208
30.942487988982986,54.93365166212081,1008.7741368886001
35.12719563508424,62.39872752284725,1013.0688408646358
21.373507169288906,74.8547736927255,1012.7755713561716
25.90220745494939,39.5256281422925,1015.8846630000163
25.05878615727219,57.79271243041634,1010.5179957671068
30.885917295029373,46.67321558974796,1005.4508539462765
23.799437041591418,43.477573226465104,1015.2269217231027
31.02998059734994,69.66956645344817,1016.7443573847281
33.48214457598685,65.44624574499339,1014.592978291425
30.780811600335998,64.49433515947263,1010.3454653165701
29.135004094646003,69.21025839730993,1015.1775442075063
24.048506636397004,55.20281103233864,1024.7156419120329
24.612596135498542,55.673624836664715,1011.4606092577619
32.998475621186664,81.85730616722574,1005.7530532310195
31.11739601562133,57.534289457404256,1008.6548598017914
27.843921922489823,67.35132113054091,1013.5019040012162
26.328361816936436,60.06381540963315,1004.5807827564078
19.89676850755449,41.51741469921585,1011.6776122996483
23.716590325262246,39.553709961987316,1012.5213466012635
35.645676348558894,54.21015780060095,1017.1404869592506
22.878177715990134,70.56101251669989,1016.2407794242172
28.757919284884323,67.88291656636004,1014.4583391670071
32.02977589278079,69.14077164224034,1002.3492839579419
22.98030932799083,50.129538210636845,1014.6842125121917
28.738841899124335,76.15872490122314,1013.8220535442409
31.75166215004262,50.351066998136154,1012.0237775083134
28.049997287629,62.12824398669969,1004.079111495418
39.47361222266707,59.89647710092263,1007.8929043632518
21.325602964487217,58.261261796854136,1006.3327089218637
32.23491411953552,73.38592138295607,1002.9399662419717
27.308793050414142,52.9488947983404,1010.9883393943409
31.0876806193467,46.503947442880715,1007.8087115142289
29.765228606796985,60.199954862064196,1021.5012223210756
25.067375211560012,56.00173265713474,1010.3249122422484
28.91598556983736,93.77382919082646,1016.1750126234639
20.56839419440685,66.76507476439976,1004.7236039012271
30.412990002285575,55.90659424781376,1008.8796416559805
29.1926338639621,49.43888430812913,1011.3875915041373
30.55464067457241,41.19711589431215,1007.3673842055694
32.2324733003486,49.74780914262567,1009.311197260781
29.470479360838844,61.14941771759132,1010.1281963750258
28.592357679193103,74.27328651594769,1010.0643680582205
24.47572665335483,71.21689142387919,1018.4204742921414
25.151116945403796,62.2909483164638,1012.512905141726
32.746938480709325,56.76832334297515,1012.9180422517652
33.745341622823915,62.68812356412154,1013.1586190973803
27.047558254751785,54.81362002515424,1013.4505055093484
28.184010989013096,77.18363995763876,1010.6684520645006
24.381542500024935,58.1080981872492,1009.7170145140847
32.69102738106978,59.13662141753273,1011.6672642380731
30.661667294767113,37.841775749793314,1015.6272157956539
35.764869745854995,58.04565153477236,1015.5049527537456
24.486707691281044,68.3648413796494,1010.0384060972464
26.48796840392713,49.32277422961455,1014.0713747786724
28.92578369010229,52.49279665507187,1010.2216613478413
30.585958150903082,67.92711017733664,1011.135482197741
27.13732944980947,45.23342776481947,1009.1059064737832
24.508155638185197,70.57801007541919,1010.2734194443751
31.525630115694284,54.67856109826898,1016.3653202781987
30.884541450182326,56.11431779508797,1011.3696845893569
24.3349035977451,48.76121594874406,1011.5411300342092
33.42177120442199,63.78046260427883,1005.2111288829682
32.68079483678642,84.5987198502938,1009.7630243694691
28.537185988991173,67.81497239460631,1010.0347403850211
28.318391449504144,51.35714738059464,1007.6834260582264
30.21623108446363,71.35620585491476,1011.0866616468143
24.553187718974968,56.833204540657505,1009.2832708390894
28.120125916656328,73.7448498142756,1011.3199834209744
19.39046582156328,68.06676402164362,1011.4860120392757
31.505822582011742,30.568584345282666,1007.1769825687094
21.754027110232563,49.959203670449725,1009.4051928700673
34.013679313716,69.4438522283539,1011.3094971310434
26.679519624134198,61.516572721450174,1015.7371977246269
27.153332072275294,49.762440522921494,1012.0268766911829
25.48906437566198,53.66410484506187,1008.3522592803303
26.847844504311695,40.937633799106194,1012.5960190369755
33.674125380592145,59.11626712473604,1017.8301955572871
18.04876537385968,82.10689726015764,1014.6668258903561
33.10786154435275,68.04933390732326,1013.1901061217425
29.352093924406834,81.90417001188423,1013.9023607019293
23.171913408571136,68.8239708978998,1016.7598161657145
23.69875042780305,70.27479343352692,1015.3025071760707
34.70557210883281,79.74078687745023,1013.2670415244706
24.217972480229076,63.772632593422266,1015.2745688783604
23.38659795761616,58.1277267849312,1006.6733956149437
32.549258169458916,70.32657516622012,1004.9909389906388
29.354211505143656,74.53840237121885,1011.6283946025753
24.248297693854404,55.20035357287791,1011.2747228386022
28.866499901618475,52.784309176599706,1008.824359785947
23.89698926543889,61.3885603243088,1014.3034106793108
32.40328559369042,68.31498866931662,1003.5485456541951
32.24548385949254,67.98091048661561,1008.8609109757688
30.12802479528777,45.75832399812401,1009.0601778204896
29.446644244988065,79.11606067063322,1004.4547928596022
35.044752499469496,53.5883507060315,1016.9789240290772
27.998745309552902,57.349350031114206,1005.5631949253467
23.272503498316794,50.973456400121805,1008.6466397707693
29.797895651329227,86.98328835937087,1014.6319190312205
36.34418819814846,62.42070670287967,1013.584181373715
23.940962027256592,51.490249193184354,1006.567301214061
26.554148933224056,68.63923549962446,1013.7299568370426
29.66578415240581,67.69135779310034,1012.1591379146329
27.784380603977045,58.12272976420116,1020.3321422484458
24.070785678490743,68.40606712783384,1012.6157616642732
32.48743142492188,51.747080391691355,1010.4350327157259
37.280162888069036,55.070817250507474,1007.5739921715223
28.78452583609563,39.89783345433937,1008.0230265321777
24.383726841056,46.76048915780437,1007.6969236181274
21.804157899786098,78.07630805670686,1016.4843952556477
29.031903924884723,76.41428627722314,1011.0718796600659
32.41550937326503,60.65788648648962,1013.2609884958989
29.900670985981527,76.62931447189837,1017.0569903999235
27.990384636324585,58.39925513391695,1001.5661434311702
25.642913392842775,57.56589697432092,1016.1154950588015
23.63134546912764,60.565106484655566,1011.2215876471333
31.33900530529953,58.750784046764345,1012.7401934865618
31.65508648554234,57.848036764398195,1007.686387113007
21.817080853237066,71.43398107149552,1007.9795024062059
34.359355912722734,61.50135653956203,1012.9553835592519
30.296284883576007,67.12481764433805,1020.5383912013259
33.59837858058317,70.3138052527733,1015.0132532512596
22.63148900605954,63.881857956547336,1016.0620916856742
22.536703378338245,50.29728674091761,1010.2319949189543
27.40412276093081,46.47134111035961,1008.5991831016574
30.011137707580776,61.48780634807305,1007.876780193684
35.185443291707855,58.28743695175066,1009.0469051012133
30.824315655260527,60.87391428920122,1002.7888702673179
27.029274892751868,59.83945960751414,1008.1003226284336
23.89452316933643,85.83573660166567,1008.7585873757606
32.9200022908766,46.69773744358662,1010.2985673024207
24.14117829699714,40.10053730178875,1011.5270004389891
34.51387421908929,63.3237683351961,1012.4498034745025
26.862461401573963,56.235774454118044,1010.9402985102281
34.3623282904714,63.16067869729951,1008.674227654629
30.715725160237113,65.83883022284002,1003.146565426938
27.45201804223017,72.84104695178897,1008.6987655663928
25.922414512695493,44.92774179616062,1007.1101974492519
26.63636849061568,54.43282102142837,1012.8642669931144
29.71326676950095,64.28761258880763,1014.6371495867747
28.30862598487087,67.70463595687227,1014.7542842682398
25.62475436772518,81.93449550288386,1014.0278109445113
27.33747435872947,69.55703971113867,1010.4658970581901
28.3143081188766,59.432114041137226,1008.9121777380964
19.485063622340753,51.09564247057338,1008.0115889853317
29.832672459154793,54.35710147280981,1004.970004333593
24.081115101132774,54.072971770428936,1014.9674148020314
23.38667038717702,66.55233628513761,1010.3011558482801
21.25062261155716,62.56997445585831,1006.0146388255165
20.824430008528438,46.763504291578215,1007.694034497159
22.578209987550842,55.64098530909567,1007.5321061742698
25.16391616947804,68.77547553451421,1011.1720979400606
35.813036550106276,63.516623549740586,1015.2698714042828
25.896481296419186,65.6864461601277,1009.6080418016177
28.711000425072125,63.82921710057263,1001.9898659408655
29.601925546025313,76.2643073460886,1010.2432786593644
28.524260744863394,62.3604306382437,1010.3752243996112
27.690226157096024,56.13977202129302,1010.100319076258
23.21882494560302,50.842449588664394,1008.4901553340972
33.80371019311685,62.496094582097115,1011.8697563229034
35.22878657455154,35.59295985224916,1011.264564460596
21.269365223509258,58.15710998167288,1010.9006787434934
23.903885636454483,57.94160140078656,1012.6505654457719
26.880758630491975,46.35529146382719,1009.2806687074086
24.141848820359236,50.71734161344004,1009.0536573211974
30.02386221382346,68.09657530148242,1016.5204931583417
25.08691119037355,62.307117490749626,1013.2374216388617
36.66022427122641,61.01788333707327,1014.3077842437712
32.762194377374385,63.06347533932023,1015.9044183413363
28.85029612252886,60.92627587948923,1013.1037767224992
32.107945053278925,72.42862562858315,1014.7135547165446
32.423601697429234,61.234291817036485,1004.6826193517189
25.744210047767027,45.417868861812494,1011.8166154879841
24.735131021832142,76.3012996487441,1010.2691261527427
28.31257225187859,63.70340267328846,1017.7107363635993
31.446544497991777,54.107462692049324,1014.7105821272132
28.55624159461367,47.46598281704981,1008.4782192368273
21.69201407123601,63.959142209580456,1012.4911766341169
24.78870222419663,58.828279950256245,1011.670725333797
27.70410854562249,75.7414678603241,1012.8173257326089
27.69733758269668,56.54092719333172,1006.9246301225014
35.89016870715923,51.62619210317533,1012.4400658609529
22.456048230404008,68.95796218235928,1010.0873946028471
30.022356967343498,69.2528189271683,1012.1297990562224
33.95645243331316,61.68651367610195,1008.1024593395114
37.085798981691184,66.76357047674908,1008.6597473144136
26.382410307264156,59.623128792577624,1015.6953680814668
29.9657178108808,62.33865101009247,1006.7938097666394
30.27904142879459,71.64990882563923,1007.0889823958319
28.781926926213163,66.25318334021503,1010.7936749711376
27.604619195042776,58.30725561667375,1007.9124384992562
29.743901558000182,73.52362545926151,1007.4598854709488
17.87101565912126,36.35144627208488,1011.4203038848332
30.728277960250526,80.52073311421935,1004.9797365723851
28.504711614647867,42.940409051092644,1006.9681510603455
27.11010041288694,53.72907175227704,1019.2163823316946
36.187448782878235,59.590824648049306,1012.8379002358761
25.30026392483779,58.53519329271839,1008.0137465909204
26.387696043739876,70.06411040026555,1012.6728603130648
35.966213208818935,49.42163381389766,1013.2693219079465
24.671754780600573,62.607668174830636,1014.977657680361
25.799538868253844,54.21787901780246,1010.4913758821731
27.4118983062766,62.95140979337417,1014.9059908110916
31.362937928518196,59.35227740202124,1002.8462139004713
28.831210029413253,60.92935652682978,1006.774767478097
22.82949861139095,54.50075167535654,1011.6554856069458
25.87132574749124,54.899360499039176,1012.3185341312312
25.570582267151153,62.87272514027427,1007.3528708493254
27.691115819107818,69.43715505756045,1012.0376799650527
29.703374634519317,54.01720665802152,1008.504639005251
29.67282302355189,51.3123245542709,1009.8921636230914
20.895952983806392,66.13460165671837,1015.09909520266
32.25576395024343,59.674961069423105,1014.6357499875544
29.010275383986492,68.30498133985952,1007.0117586905469
33.53812819037562,50.94202786628853,1006.7709941519196
29.776793309162688,42.205610745765696,1009.3553064177868
32.40529183094305,54.66995918173666,1010.8930147953083
29.866181245800508,52.33647390734984,1008.368406045701
33.384903024810995,59.212115999197,1015.1625697711987
30.089002544071114,53.631547857296106,1012.3895593668342
27.608339014228385,67.4101695133645,1012.6243404394977
37.089738881787525,57.11849737577484,1005.9338446842202
31.55614848911957,61.50474498773901,1015.6691628695352
30.294977684017653,61.57634558440944,999.7193247110372
22.894782333846656,61.94955092412187,1014.3362218073975
22.84676953014585,59.75870889545027,1014.7372469506831
29.170861928567412,65.10600690410314,1009.2703952508881
28.582084791072962,52.04344866174193,1016.0916408689897
25.543509739966737,73.99417926653884,1010.7476097881826
28.56393079844824,57.634626166314646,1011.2497268133097
34.35450771217438,46.88450862101318,1012.3581151496169
30.781609898201197,61.88073356991773,1023.7462996472442
23.435965960989048,51.48819517552515,1016.377735632332
27.553964691428224,66.65334534508875,1013.8045248028517
24.780134076589757,82.09605576042378,1007.3487820535952
26.449200334365756,52.1342790844215,1011.574359301918
26.345537337481428,63.32372333223985,1007.7475036246144
26.08941766958398,42.44494411295372,1014.2884433891312
22.97945851210642,64.53905229441347,1011.5618679029394
27.48938127392724,51.1428620020031,1006.5019132815444
25.75756945261076,53.751653815655175,1011.324498333674
16.28220523999093,48.98713510160172,1007.6023301211347
36.21188809800665,67.32151226054735,1011.6048648853501
32.35507861686669,70.07304357473262,1007.563690734539
26.494797100300016,60.23385214658508,1011.1099505334432
28.075276198962392,51.3557329466428,1014.0018794477404
23.313382610729754,75.89523036103863,1010.7877920322995
34.78289151124346,52.49589872245344,1009.4364469313105
35.589154779092446,38.37967700072561,1011.8131048842298
28.6267749129861,64.58389009957068,1013.7887304831714
32.09412257674138,48.952253263584836,1006.5712669204729
28.701147115735694,69.88608793499175,1012.0426246188208
22.653098244496277,56.18862303326581,1016.2701632760696
26.352706524145372,66.03713240544197,1013.2946278531068
28.527711867087827,74.01500346552157,1011.2310165866689
26.181809125026223,47.91141135379278,1013.5589500267956
27.125386890259858,54.34062869107595,1012.8099858244108
27.634401769963542,59.24328927342937,1014.0144044366392
27.676486008538156,75.37551319034344,1002.9042735560682
28.20903396198993,53.41617282059555,1004.7861754653469
23.757579734413596,54.054963040509925,1015.019316597933
25.131935403488256,64.78140575555808,1004.9788832953542
22.861662937200123,54.22771274289429,1012.6061545428768
31.9112621987448,61.52525882897616,1009.5918013758709
19.5774122326387,44.48462579031873,1007.0152430176161
32.6143613732677,82.14329942556597,1012.3985990285898
33.545397589051376,46.52290769690597,1011.8041340148662
26.791277652069514,56.78247296009792,1019.4413706083855
17.587451648690806,59.67518964157905,1008.5007551818564
26.55475775213084,79.12688134356796,1016.7604404802767
27.74326335484472,46.751542190672595,1012.4096916575372
23.957607120284347,79.83704135478752,1008.3559124738291
25.93912642476703,67.57176821102023,1014.196985830069
34.120780795453406,64.17095324423246,1013.2629540178158
30.659708649206962,50.153663129820444,1011.1433731794322
24.3017435424876,65.71141242038074,1012.0651814257625
21.609603321618273,52.765133775802,1008.6120518758179
26.691930729560916,72.66661253198413,1007.696851498982
27.146172882598247,50.28937970892267,1014.0377686952903
29.984796749453267,58.86841505543916,1010.1042423027469
25.858733149729364,54.44726911986828,1010.6796680070037
30.045998301447447,50.12477037573005,1012.1192863837771
35.74061616024092,67.41319816907914,1012.0611533791352
31.26200408977705,65.35458747409633,1005.2826941161037
27.80764597067691,72.09010198900997,1016.1450083458194
27.267398115786822,42.20124891791833,1011.4847286076027
26.573307463280514,70.64170702341043,1010.1893869487114
32.72256364980858,85.05448905356894,1012.723384020679
25.49074621619479,55.48358910823053,1011.9461687744595
28.18089083599993,78.9514861210897,1014.0682507579588
28.204791607524342,57.36838727940173,1013.1519346886038
25.992863228753873,46.27590262438693,1013.8713849159851
22.510137808463597,56.94367557593205,1016.40397562291
29.29189801447067,70.48203967675276,1014.5344981958839
27.755984112578467,51.618235176684685,1010.3580551186858
30.000961877746278,53.99661340993513,1006.5083953756927
25.86559877424333,65.93539432293191,1017.6711917320181
32.88328519525219,60.030601167385726,1010.0491065066116
24.49290487515262,65.84622952486741,1009.107570346558
34.84816113607157,62.37829540758336,1004.0530927289423
21.009453960686955,64.79625319551573,1012.3538924212485
29.739080258227563,55.67698814190459,1011.5955464158151
29.901722730106492,62.31730942030393,1004.939540255002
24.817771728236472,50.72626994304066,1012.8130961685328
29.69757575144405,72.88433622503389,1009.0072323171943
33.11807467904063,53.65725283182687,1021.7612600291548
19.132724642583742,71.28847487549389,1008.7225552316365
30.010979229963258,57.663930390171345,1009.2592266712088
18.02691671867969,62.019990107573214,1007.5008951029826
24.137340785907167,55.050354491092996,1016.1115060841679
34.51666545960378,49.840045688319705,1009.508896822141
25.672871866431784,42.552396123946984,1008.100343384938
23.30448014236411,49.446758414075404,1013.8278200396821
27.208249084061272,56.760911467840785,1005.4785882583473
36.27162535265421,62.11879178828884,1013.5004421849958
20.673271011175895,70.10379313283264,1018.1255988664034
23.794760353442623,55.54242540203151,1013.2664313313403
33.98972673271851,51.18039235732826,1013.5515932650397
35.43080937415093,45.57285213997287,1014.48024086763
27.586275102838865,64.80063617904104,1017.8388321147021
23.04378918989343,73.83194515329343,1015.8395758400765
36.38337400723664,72.66330267956289,1012.758678889092
34.37776956699679,67.09932748147237,1014.615565602544
30.71578795104893,66.38543317267599,1007.4562602981396
24.75039060425032,76.9762377970934,1014.1051743629893
27.803882636647852,63.32081461416811,1006.977776115265
27.358559675820675,66.46129676024171,1009.5319103254735
29.323405218462312,56.79216138148001,998.669751299427
33.80400575252534,46.37956629145243,1012.6057186374699
31.51766816454961,53.161510995004235,1008.4245119555666
23.690495692060967,59.90840961465345,1015.4445808608178
33.50598580007815,60.60785372501303,1012.5607704424216
29.25252856005262,79.26285854855394,1015.4963835788064
30.748263183435665,60.81277167591069,1006.6656138213099
33.86616343711441,71.78843444025644,1015.1535441486385
23.553679001945795,55.64922758423684,1019.4234253774533
27.856697685174147,56.88324114234766,1014.0566331997276
25.87418179456314,46.70992362776552,1014.1613960347692
21.728562298538176,52.57671987123428,1011.6783907055798
29.38683991041968,65.26981391363753,1008.9013248777385
38.04622620633769,60.07560180394133,1014.0447694908061
20.639689021976988,69.42938619897234,1004.9756683583918
27.870877555802117,61.8125394834505,1009.3289795003168
30.562171740299092,56.47546268362258,1003.9157727906513
28.492312806624724,81.48296863786959,1008.1853744907397
27.547487789937037,59.06096431286953,1013.5681803675742
22.803134546216704,71.63000969705304,1013.0215735048819
28.931146971760654,55.98790793455322,1011.2036547821419
24.972944091936295,67.09599479383567,1011.6816039762481
19.240313180085785,69.28015659151687,1003.4565415285432
32.77836888205492,62.08491970575581,1009.5097508777163
31.83354327936817,36.45517077303398,1008.2745935742591
28.20664390740432,60.18252460856113,1008.3637612379418
28.91629875282281,72.30460047759975,1013.398314511255
32.29727205086225,65.27480833027731,1007.5579706939787
28.89735862711233,64.45838875229246,1008.5812765994904
31.61607021904526,42.77743066042481,1002.6517230171619
26.810071196504598,52.79544929324941,1009.8235072784953
33.247934954295786,64.1135763115144,1006.6486498091455
29.283142903730734,64.10383276786892,1011.3168117147586
28.776207774423497,72.14666780132903,1007.1955678130302
22.919755645151874,58.55133244853906,1011.4181689821969
29.147823417206833,64.05824086673815,1010.4212569570307
24.672180330022194,60.16374241931294,1017.6881670921692
25.446869093886022,50.13057263498443,1012.9888719218128
24.738497486735515,37.44208668905252,1003.6414485097508
23.7350602724031,64.31009692130077,1005.9404446235892
36.499085612067844,61.73947208412811,1011.2208320359694
33.325356247953614,53.81824957899831,1007.2806082064294
35.681470008577044,43.80826943484135,999.1265262790566
23.108419921777745,66.29739514408737,1016.398185255335
28.28501499964357,57.34079925804448,1013.8808960676216
22.825969499183618,65.56874722368146,1013.0839074939671
25.217220491211744,78.64048530411759,1008.5707078181164
24.3274920663337,38.585691196802955,1012.7107070840398
32.95833602576624,53.00399191297636,1008.1825587031165
26.41508128759296,57.90624386688087,1011.8194292008708
32.273517334776066,74.5482617414665,1007.3176670966541
30.416483558354074,43.635969807935155,1017.065153802224
37.214555008419154,79.35861025680605,1004.7190533836726
22.082223107441102,61.358559015662905,1015.9291353180433
33.036932959147194,59.039993382661415,1011.1556633120694
32.58576348160291,58.01940236781093,1009.0421320186321
24.10648464789186,55.63736967819971,1011.668011686783
32.02853334589264,70.48116759269155,1013.9333920287128
29.344579852104914,49.314792459175614,1016.4669869467776
27.09009496018637,63.454141816438536,1012.2525720925341
24.704258052112003,56.15818334293024,1007.4372156589509
25.123562194203256,52.37866551485902,1011.2225204950631
36.199248383143704,85.85975175683896,1018.2671729466495
28.00273127582993,64.1905073475346,1016.3907123420505
31.128520006125836,66.13265544661144,1014.6350539124975
24.836402473329787,71.37776780668662,1014.1827480804895
24.880588215113445,45.78650054681453,1013.7978003624262
32.32793923699977,77.52291909122032,1015.6350193380395
22.60169515379387,34.910428215049244,1009.1734848571124
26.339144928378914,52.312335899614794,1005.5796557369
28.13610964428893,55.409683268211,1011.2760140029483
28.44549040736021,65.81723364970506,1007.7296736528892
27.283626859935374,62.18718266141488,1006.7799169784913
29.583279124383694,58.331852593016066,1008.1188856936483
30.771423023271247,59.880026553722765,1020.9412556981348
30.93855018183732,50.21976976477432,1011.5444985363034
24.056784765328693,45.02767605515827,1012.4476313454439
26.863379608284813,67.26511622336061,1006.110548771983
32.779051447507754,66.93706112536185,1003.6249881648295
31.578588750295488,75.84494375157058,1007.7237894275248
22.508562194075743,52.09982903184792,1016.752782340835
29.405919601408808,66.92815210300923,1012.3371018643061
20.087099002500757,57.162932716352685,1013.3943803657776
28.18773960824148,71.90474985193482,1013.9542641568082
35.59106806698391,70.21962776678141,1008.6346024808068
24.208429130924056,62.11209399224457,1016.5518623358935
24.66270781803367,56.60469843334013,1008.4687696031112
31.05611912629144,69.60932178608262,1016.6249294370502
21.828793939161415,66.46904523256566,1012.7692086245413
25.468979880459845,53.15559597913818,1003.8438193830148
30.38576455032701,46.72201326520569,1008.0079620535979
25.462856609242387,57.11467099318204,1003.8602458685116
27.056120051156114,75.1541381534821,1015.6531285311769
30.976742841260137,71.46487158733038,1010.9010583167903
29.686184334146244,48.876725303294194,1002.0866302402009
29.067273585181606,48.32242584100079,1012.5029875268787
26.643510882919845,72.74683849679487,1008.8513429504467
29.48024446107582,48.643640952421705,1005.0647765798667
27.505069279600974,65.09295323642007,1017.7118633478748
29.83122243970314,53.839287846636765,1011.4291434643864
26.012271899528088,76.17044924521683,1009.8262743907468
27.269724102481835,52.295752008621214,1009.402300876056
24.040168829791945,71.43361530205829,1004.9468821233689
27.859969559975056,61.84858654060365,1005.7818044016635
24.75599654548462,62.52194854234287,1016.1396671395004
23.543814199352028,40.29691418648599,1009.1044685208572
29.034644591421554,37.97086646794281,1011.0882708037475
28.85095910343064,57.79434059732686,1002.8226780951957
31.13149493979429,62.46906063416612,1005.727631856818
26.275497721699605,48.74802172262277,1013.4392500794991
29.632211387347024,49.11306589523658,1012.5108470404554
30.203190289094653,65.61472629826133,1018.0135007948973
29.77909523132638,65.6285448045713,1016.3718253265249
24.697385268791432,58.62258939612073,1010.0771561100607
28.597453929084757,67.80201721186074,1012.8918142588531
29.456561184218646,48.25797704279854,1009.7335862283877
28.02871386763177,56.44065082913029,1019.2192392745546
19.654089366515663,76.47877605783674,1015.5960587842096
28.64195849589392,60.68322129939818,1011.678740363431
36.850124157588965,61.26312514586999,1011.8015791395054
26.55984292497207,83.0594658596774,1016.7794011490392
25.087691608578716,46.006578341512295,1013.3183113884554
29.493394238845593,67.9643036664211,1017.2345120682803
29.249512841866288,76.639862798081,1002.2254082949645
32.770940661665655,56.75142073501454,1012.8449130459952
22.96852737636445,68.59630786854846,1008.9382605412744
30.92552101029997,50.17980502789095,1018.0255119505119
30.361688245005855,53.13267604432649,1017.1855947487593
27.431413852237817,63.849664160476344,1011.1313432364052
29.35474927168676,67.98566673110591,1017.1425239152442
32.117829926393426,71.20936512406246,1018.13245807997
31.4892615201138,75.69628586939493,1011.2976266877046
23.427922751705086,59.32553441444818,1020.8877350897275
31.280632747021937,71.93611755172589,1010.8746353893212
27.741245579869926,56.57695156550851,1010.1419161986564
28.29149639206206,69.02091311588268,1014.4634903543374
28.292787964006777,62.074887978521815,1009.5848370754308
27.39902804480696,64.45677907081924,1011.3413591031796
32.766829988428256,64.23507874022037,1016.6377376962037
27.665128160603153,43.95294990202188,1011.0768754088691
23.521815486467325,48.75878141139226,1004.2199288280988
26.425880576121084,61.02541439817522,1012.4692775513968
28.714778867241904,43.127209203588315,1008.2148256837904
32.916859137188204,68.31211103199756,1014.4610846291782
30.412378739795333,68.71555966288142,1013.784758863305
24.597858885011824,63.2717055287779,1016.8856013926661
37.940759666715564,48.78865987242078,1014.6301292031708
29.05910124391192,73.80138938868515,1015.3609771346322
33.10156295199606,80.37210639718359,1008.3236129594492
27.393142265691083,61.470768274459736,1014.215945983562
30.1334369788218,65.10535378451236,1018.8738051574412
31.35787401807362,62.01738654796044,1008.245400365453
32.872778847017024,65.30369188998799,1018.1989531669084
32.2294732215129,58.80441243373604,1008.8025996351947
31.488788000291912,59.65435760156197,1007.5921150198001
26.739653075223565,69.05717600497366,1012.1848017734194
25.713015832175756,83.45624161896441,1013.8636416645153
29.33043004129679,45.99928765598261,1014.6470004958891
31.732512289364276,58.96187515597033,1007.1529503169072
27.10911719689357,48.19539514767918,1012.7381603890171
32.260687862857544,75.92024898576084,1008.257781714066
33.810466981944714,54.12262030680102,1005.0443109757177
24.33471632370632,45.56799206214206,1007.2850547378689
24.65231718481488,66.38186998848573,1007.9963985361767
27.438499764378655,77.44311114743111,1013.0863806414101
29.230450672756785,66.63597868560763,1015.6088546522747
25.901731944931797,62.04797877281917,1005.1071734804989
33.408810715468576,64.09140922775994,1012.4078442968322
29.696267446073804,74.14840662825554,1006.2932072569164
28.157788192962958,51.258007299858505,1013.516341636056
22.25636190452589,58.88152895913687,1008.509077675985
22.73673673428997,55.47309851490466,1006.7946839279069
29.124037001127224,48.3213469270829,1014.1986580613903
19.469617495380653,56.71624740583198,1008.6523095782196
32.050549638576285,71.07721095982448,1009.7361441945892
27.36738462251072,65.66602148392725,1002.1200436497745
40.0,66.443105001082,1014.7862054456939
37.23166500246444,61.46475611653318,1014.2836340846765
27.274203723009933,65.23323782728589,1011.0218313771253
27.57465198987474,51.99409657651894,1004.889676234577
31.98232605600812,56.90490114072771,1015.837476713339
34.81269043967215,61.92004236968677,1008.3349464545569
21.447883770255935,62.775158588818904,1009.1865861995976
20.854498138581253,63.20187854921873,1020.2481762254381
25.511860777782474,58.61664717983622,1008.185454223563
30.33095033269546,56.2257659886967,1013.968839849706
29.98749436203039,91.57771283044298,1013.2483690483305
32.2790858199354,69.067872729324,1012.5606887715203
23.201209886538766,64.13147475952623,1012.128002170218
18.73542454812449,57.66791501793606,1012.5055542475568
31.43205678120858,55.48781173056123,1012.0877623637622
24.68721490813906,58.691994062730444,1010.7923265648958
19.92604854244545,62.92828843586683,1017.045132496443
28.580254983837527,41.195644559369185,1005.7493577568029
31.17270275287471,44.30610404625316,1015.0858324160615
27.51177147151489,53.631176110610426,1014.2893691947502
26.168606455270044,62.071394367785686,1013.7935964853176
27.362551071416373,57.607268528481484,1015.4679177105605
26.517668950396867,74.78121226099483,1010.6296024189264
22.607811552239333,45.176032130042316,1003.5241036966925
25.14127729203827,52.486545303966295,1010.710829361142
30.08511962005526,75.20091740991101,1007.0352231295018
29.286714165506,61.31119324675147,1008.0725631605677
28.67223922386728,68.84842582801159,1006.0303213046703
24.01940607258648,80.51246943269463,1009.0906205662246
27.273987351457333,53.06195582098177,1008.6135052240662
19.29173981422858,59.00685662207968,1001.4897206802916
28.71390665554156,57.27573099069129,1013.8008876451291
33.71543083125427,40.45406995516724,1019.8812874320196
22.103471471831575,56.89603196244031,1013.4249487739852
25.65628930672898,68.81062187380665,1010.1883041738631
29.31642711484052,65.40589541812241,1010.7810144172952
33.01137053770994,66.1908316938801,1009.3160565279472
26.207101534799403,56.24491019360501,1011.3601663354679
25.230998682936416,53.43902763994359,1010.8519676237071
20.12430743033567,72.69255671898621,1007.6358062784068
28.413752517232425,55.0268285364233,1017.7315535557914
36.168304160574976,62.94082038793214,1005.0513830571609
29.109433847858703,61.633346806775386,1013.873326172777
27.910884083265145,74.61717016257118,1010.5952094907299
29.288329243067942,69.7141235767236,1018.603327260263
27.955631984205592,47.04741379332879,1012.3634583969929
24.74794251095948,48.1244683322496,1009.560377851267
31.293119662710822,65.78909818069134,1010.0091712062621
28.903046092447017,59.35662352620834,1011.1596267780791
28.070453007734628,55.44828216046236,1006.4288372200144
24.098535890887,70.1562788399447,1007.9325218995283
33.214031727739034,61.87459382088911,1003.8602241232326
30.65881098133244,60.52457386889444,1007.3080924065036
25.788316650530792,67.79828640755049,1011.3756259266418
32.00729941472775,56.248910050564355,1012.2007001971381
26.00971664645917,75.68518985472554,1003.0826812200144
24.871986029955853,52.11952376766992,1010.4511531878233
24.961187530078853,66.56929066342089,1013.2536398032885
20.915725787647634,74.33832838659845,1010.3483512264951
29.886169521672823,46.227045107279,1008.4648454168888
20.6754204866466,56.566648241475505,1009.3513554198072
23.08622467493695,71.42207392885558,1008.8369465800911
19.697647963685867,71.57244547731025,1008.4530777635678
27.655721228836427,58.28504399611761,1011.6952941009794
27.398718158912512,52.653289063231405,1020.2307529109418
26.693215147254545,69.55935822330763,1008.0252003323793
23.829689221317693,71.83549102581605,1009.7274294693543
23.31106498625344,48.35336651487605,1010.7932082424991
29.857479454186297,47.960863510336196,1008.2505822625668
25.79779227316605,62.252566819836,1015.3929432140937
29.265433286144578,66.29360633428892,1001.5164585067743
24.45900525550311,57.009309147699454,1008.8757633184853
28.72425097108433,66.7929381998235,1014.2732549452799
33.213112149264255,52.89863393162618,1009.8236227664455
30.344663201571134,38.853064009262646,1007.7166441645988
26.35034472713408,55.76098927667404,1012.763027017755
29.028795881423708,60.632321465131014,1014.6253729415886
27.037339301879147,57.241600401035434,1011.8425417808602
28.031520738778912,48.41396736340515,1007.7951185607485
26.697555791405986,41.843510241211824,1012.824813276607
27.342659176458437,54.85911195632102,1009.3918027989008
28.848373412296702,68.97655771649744,1013.9807475275753
24.0265652016722,72.56197439413683,1016.9330355394263
23.936484692040086,71.87713384138455,1000.5776929772459
22.445829784675155,51.84090464851447,1011.4442698927826
21.59891558198516,48.46293676369636,1004.0570642522094
23.130869231118083,64.96634614979895,1020.767154341319
28.637850027216516,66.35100011597925,1009.1275018648153
24.428849938032464,64.00169605200497,1013.9854929673015
30.054457856924387,39.85936725762237,1010.8587325616204
28.13885499501025,51.331154151165336,1007.7876616771238
20.125983146247783,59.70311209714021,1007.3117878112903
30.61990233688676,64.87218194630427,1017.3427166924031
31.24319458236684,67.67307362602487,1014.8237522407132
24.02454930066059,61.4425352228204,1018.7743363495102
29.680766171579968,63.30783806538236,1011.2218133406308
24.574007050363203,60.848654583611044,1012.151678484984
28.390681506993342,66.85619374218483,1009.9312337373789
22.94200637218014,63.12865651490911,1009.85167118754
20.827574189861693,60.65737660047287,1006.8324522700905
26.468731241548124,57.31631200862619,1011.3360407636974
27.505084214900656,60.81291425042481,1007.8430136204552
26.409281225541584,64.84591378839275,1012.7676356886568
23.26387776710976,62.67475388898061,1011.6800408759209
26.40040375147545,63.808264183452536,1012.1507281747029
29.077179010322936,73.42721861351185,1017.700519758761
27.82042787950985,62.65163922746587,1010.8491282009377
28.730004122396853,53.510014795268425,1014.0269080114138
25.31953919818307,68.83606785994169,1019.2060378563423
32.68687165886464,46.33801662331082,1016.2264682771802
23.295306653780877,49.18586619260713,1015.6126787938193
29.950241188346876,63.35847264720069,1009.773247137918
32.72756437183985,65.16396667786579,1011.9185722222712
29.92363237099558,47.54948776496005,1005.7268948318803
27.18990309174068,56.1718251901325,1012.9956576038577
25.886811813348082,53.93916167780341,1012.0978407104553
32.14435060418502,55.13323677118403,1011.0935405006247
22.308100298953306,69.43597776272946,1015.1087791529715
24.119502958481426,67.06505463547253,1006.1689007103024
26.409768938033114,59.80877820146293,1017.5394514046413
32.95061503004799,54.54038072885072,1014.6070587517611
29.519070544163583,46.503503297798595,1010.7174640813921
24.12781696595902,74.2018493878195,1010.4050816487304
26.758769178460387,65.92113900284919,1012.9224448609943
25.54270742361482,52.933308959268594,1017.0834049282552
25.16084403106586,67.19599497624891,1011.4064308747601
31.915558234227117,59.29776379425374,1011.5761236079169
22.51302748294598,57.12890495137657,1011.0724739105035
34.435123422937494,64.35211528289602,1018.1280964508059
31.31291876073849,52.58501750087275,1009.5244675882519
32.36344668241479,56.5624348048989,1010.8819696055238
26.148241951898967,61.214610641995456,1016.853742617044
27.400237123683564,55.005488071147866,1011.5880433344514
22.26739274190115,66.69085210267524,1015.5482354401821
25.90135037173279,78.6906650367826,1007.3548797723881
29.974619390572602,52.45701867392857,1010.178829913486
33.184252247125585,43.34874703695955,1016.937736153761
23.571372732790195,39.98259832523738,1008.2946411369459
26.537976252058936,58.49531858505018,1010.3948038409212
27.39480311906991,53.36835409873817,1012.026740923566
22.416843191230058,62.078605010670806,1007.043381928028
30.3653969670336,61.32597672026101,1009.3447595255124
25.104038673029564,43.96783153385904,1011.4505467273026
27.218438595291904,41.851161705185945,1011.1867269366478
26.192202512352488,62.959332403460955,1016.1214080833486
24.842645977121304,61.35428834719957,1017.165828779329
27.971820058077782,55.741820016334486,1007.5756605119964
27.13756168572791,43.428564148676955,1011.4450740766699
26.512568470885338,64.7139126276499,1013.6969932336991
25.086153513278628,72.71899545423943,1017.0653898631967
29.278098683131823,62.77982440218922,1013.8739611892685
34.61446907396914,51.525261094349354,1012.1636536063693
28.55954893135651,60.44552165571152,1013.6661701279305
31.984472859644516,46.33885919066315,1013.6950753373451
22.43911229938615,70.57960713838793,1007.2891428308625
28.631045757175077,60.818443345295385,1011.7711951700251
23.610526724115733,42.31843088246768,1016.8366439767548
22.092300289872394,56.99325639556317,1010.170572925224
25.042514370163854,64.63301510234231,1011.5177865701897
32.767597337654294,56.669523790244774,1010.0299342018959
31.80006331467858,57.24104278559826,1001.7445620175725
28.972018888217598,47.75597792952728,1011.0823607089387
21.869197760440276,65.66540987081656,1012.2071677226115
27.21487739444825,53.51530799980863,1008.9500264364764
29.206800035606943,38.43554622994967,1006.3814522044611
28.702144918314392,56.287426293296065,1007.4775741608734
20.624825666077015,69.81149715570353,1014.0567504645422
24.438728607920513,56.130705534000526,1018.8900990921876
27.743688943405132,77.3798498512352,1016.5297333636217
30.14516363806876,64.28967948548517,1005.6226159806778
19.215488715600216,63.38758162280366,1014.4185092422028
27.351504098080568,58.71601734082391,1008.3473504967628
28.572195079515808,59.31713792235709,1008.6709317499649
31.398447954064853,57.36576364880496,1009.1520976081149
30.77143033694975,56.97730607917474,1013.8242677994217
30.33028527523522,65.30867162067149,1014.8370135057961
24.800237973192264,50.641687702094345,1010.6078757148808
20.367991451506768,49.2410617127574,1010.6757170359679
26.427788971754396,48.768049491246224,1012.8570549729432
32.00652730083424,80.45654547677154,1013.271978158097
33.573818110097726,65.3034290167058,1015.7049028270341
30.842196409191143,63.04492201680145,1005.8625120979632
29.717363291206937,49.42485329706568,1011.0801093592161
29.51855859354386,66.23342300674828,1006.7279024964353
25.775525012956876,58.83428653546672,1010.7962308837464
27.47975882578552,62.1416894113175,1010.0952988492769
34.67627810330532,50.23379684136444,1010.8130021843892
24.229767976832495,61.602688574175765,1007.8010284475579
34.4591151628394,55.76166461793517,1005.0508408271703
26.711887382031765,52.343888429698126,1002.6222498931404
33.301728436380316,67.34106335807249,1010.4752793829406
22.372739962009845,44.62292191469997,1009.2759955766683
30.343616804658595,65.6477626431415,1008.2962493407847
25.052919456209512,66.84486133552996,1016.2901938513266
22.33893123230325,51.2035632444876,1007.5622472528188
28.874136169643783,51.796715388675324,1016.6673363285552
32.037887154383874,57.769743187335976,1017.4953749770771
24.620234245626015,62.820362104622205,1003.1963981328424
22.003936158166397,58.471450081857746,1011.3695258359959
27.63262094266018,64.3356246019188,1009.401214036656
27.650258684891277,77.62979652537399,999.352784221131
30.193278510217993,54.92283230850286,1005.2214349877263
31.798378285457954,42.8482002929658,1014.099744428434
27.762339274910023,68.25923583030654,1019.0767970108451
35.42201325917705,76.8331457592753,1014.610712570797
28.89693897814117,63.92768363051125,1012.2945298900519
26.6142939759724,49.12251324646332,1010.9146704734757
21.553730563588687,58.76107636764799,1017.7306516585925
26.949361918735327,48.81476515788368,1019.5929568078305
26.654452218355456,66.42855493962948,1008.6526292819033
31.84121918512588,46.487095973015656,1003.0000537587588
29.849934496267416,56.998712131718,1002.6072501469152
23.28252351346953,49.956621737060935,1016.2875239686392
28.68901754564415,61.268246851349616,1010.8117658369025
30.686124686916212,56.33658322862242,1011.7329676418349
34.11212543755133,61.76762103250264,1003.8373960281732
31.55001586965624,60.223505549663656,1007.9872443488462
31.04338661724591,50.1334097227589,1009.8180767443969
28.240343978460654,66.26877063529022,1011.8313535334563
29.553248021693797,59.51234348156885,1009.405631844345
32.998019602824634,50.114709921340996,1006.8506952067946
22.668890410081403,82.40926556205793,1007.8617320295899
26.602242691132176,64.76430166717125,1015.833293143789
24.909725004975037,58.467394466006944,1011.979138478414
29.5166124749045,74.15204526701824,1013.4486272278222
32.92088870260315,78.41815609386607,1007.4045047564907
25.612102853115704,58.546505776861146,999.1847060583975
18.438782530122246,63.47397486434762,1008.907582772462
26.35111701990212,50.11997181997059,1007.533717782298
31.653894928069626,58.528072492319886,1012.3960490745123
30.150519611799517,58.009374462401304,1024.1428948547273
29.712744991242303,61.84827033621654,1013.780664070473
26.880026792502083,63.3276047863701,1021.943840637534
22.883877055120855,65.5982844882806,1013.2750787813578
30.06117728649787,62.37642656299959,1008.4804550497091
24.6628727598615,47.89257373370835,1012.3916643124835
36.73638693352183,50.61532894258915,1018.1225543979108
30.282028833418064,54.53592380536327,1018.318250385285
25.677406789784197,57.17759408076771,1008.6986505278277
25.554459010445488,70.50774290472114,1012.0127347827972
27.628223173545646,48.37061013147087,1005.2829324813155
27.041992311913003,56.425849518293,1014.2986744987658
32.46733510211982,69.5300949821405,1017.2134187962236
28.745664678976187,57.00122525503388,1011.159197816464
25.073473044365887,64.60415649842824,1008.3304637825595
35.56176274062313,58.604579570720965,1012.4405238051103
28.19723332608089,62.56783257324723,1012.6698361254527
31.075358703875587,57.71527456190459,1011.3245753273985
25.567093970220963,66.67065472728353,1011.7148604973438
29.452462510978094,44.54943592593565,1010.3047405981225
29.24443996457278,56.36687991611455,1014.9838197129056
20.441402831615388,62.96572676694308,1013.9449097806605
36.06110044184256,65.33695248006192,1007.0675874114233
33.16257784369019,74.92952622753828,1006.9576375873656
26.41121873541605,56.089753331344234,1009.9825023318938
23.590921038176578,74.79481761860873,1013.9473484964208
29.390246455214207,53.40976173340329,1011.5922296555633
28.346790797657587,73.28646411544644,1008.4273983595094
29.422675794252918,68.17467126698372,1012.0460743869033
28.76630958477636,50.86541420367777,1009.676757921911
30.024963957223704,63.07039237251822,1014.5219458408965
33.78922279756723,59.487641644678085,1012.3322337402682
30.272412820514585,66.25584593675,1009.7388872501914
23.801378004360235,57.767284115666904,1011.9260750881858
33.45025141084981,56.927537743382686,1016.2601922380968
34.56245825395315,73.69094582762851,1008.7214796938144
40.0,59.01279105544327,1012.6106279265887
23.50602386704161,68.26422324191766,1010.7181586381361
28.9715280526011,57.746485149558005,1012.7079347354484
19.67160518724405,76.66663259227523,1008.381740233617
30.212596625516838,53.21665370664507,1011.4413417326375
25.80719880733291,53.85856468752815,1015.4312931296672
35.693783179299814,75.24517181115903,1007.2519720750156
24.901540119925674,55.55053609104747,1005.6823795866997
21.243267848130955,76.01074306164392,1005.8341777420521
26.114945037189923,68.91840579594813,1006.3173498791992
20.09804891513145,58.453502934391665,1013.3812931515706
31.00439781802924,41.86706527982842,1005.3765612565381
19.739667814974716,59.80681695728164,1009.8084186210259
28.113830324732636,61.016300535334246,1013.4731572132429
19.688752720575213,71.67217733304373,1012.6666362421944
26.718808781853433,75.88447176240112,1009.45776408015
34.573512623218136,53.15012820856252,1011.7636949270204
29.44259156574318,68.01181763988183,1011.4285813189503
24.546025580140263,67.6540215601335,1010.1030361778072
27.875186044243666,70.73412702410445,1010.1566611253817
28.072067488177787,64.98689912135545,1019.9417097390278
29.890521383373624,40.5750230903823,1014.2372436157252
22.532566546876694,58.445775674722405,1020.9226036700486
30.37026909538932,48.44292425083085,1009.012147468318
17.1824334735889,57.973942270819265,1010.6601336124475
25.48046179054476,69.80004236133894,1005.6714969388934
26.046904630193822,63.05150835874973,1007.7617327916417
30.533307304284953,71.48090866397433,1018.60765259465
28.090523410707476,63.41753920713539,1008.9118628406329
22.377747784574854,47.01674060331097,1018.6771252005778
24.06002749673194,34.79152993427265,1006.0265509572804
28.794720038189627,61.4880876167959,1006.7861238637068
27.683730632541774,57.86073533648835,1009.6350751159063
25.683503561457016,50.230542606181174,1010.7450003132833
26.076664841952084,42.99372750348622,1014.6923491698005
30.784671988637157,52.65256786527291,1012.8030816687451
25.929229708523142,58.05508515135224,1009.3347389706239
27.64763502388371,66.6587782370639,1010.4667367739276
36.67974635232217,61.8863108156798,1009.7237483208612
22.30526945246431,76.0806724717273,1007.341385058697
20.592629073701367,49.64395943954606,1007.4481482535936
31.134358659194426,68.81058892057433,1015.1115355657337
25.285427754823587,60.47298743128728,1003.6873402882915
26.72704988902952,66.94669124118585,1017.4694347897802
24.875374487475543,55.63485136734457,1009.628023097591
26.96079943692995,70.7168037389059,1007.9099655744313
34.39415244838536,62.952247583452426,1013.9590371627891
31.208513834472477,53.2055501508225,1016.9408663365884
31.44889404754791,59.87975971086812,1015.4705297664158
22.33509177682942,57.60444141062901,1013.0074081974395
23.395385053788523,64.89178350637793,1015.3474539588874
16.643685362058292,48.202232506254916,1004.1340096914246
24.762476715668985,59.706482978843056,1008.9126778340474
31.826812745542632,63.95307252649331,1007.3553197599006
30.067786062993484,60.33023307193033,1015.8985549248607
27.113946948191504,73.46941244388995,1009.4660879243045
27.910798865127788,67.74022774071052,1014.3816262271282
25.244457829698376,59.925192032592534,1013.1434277699545
28.819035529607138,62.16689097497673,1007.5507722553452
31.063513117922458,62.95665551482,1008.6521671600949
21.53645285035811,64.03299604166824,1016.1752707632589
29.198590751349393,41.74342004335392,1007.8980694052624
31.72973948381867,56.98473704230653,1011.4994704407819
26.339598844146522,45.155609318065736,1007.8698348546942
30.802802448482336,72.78280947459487,1009.7441912523366
39.25861777789021,59.391504799970726,1010.8153522241201
27.58262882805243,58.06659050320377,1007.8685339588101
29.573228200021294,68.96797332033235,1007.1582121840645
25.047771665354432,64.22324797449875,1012.1450933471098
28.725004650408202,48.713654856207924,1007.6210503648352
29.841086499929215,59.29094637472631,1007.7573697772053
28.77936936108055,56.64833026773615,1007.2437874251921
23.92121872116457,42.55467111393946,1010.6883678146747
28.825447085301803,53.09723766762795,1014.7748065375994
33.848783754870546,58.16459677983534,1017.026114545249
29.79454305805811,58.850490685081574,1008.0963276560249
31.847948756287366,45.17768576322691,1019.6012431733249
27.05195211994949,71.51665583047476,1006.9811805571728
30.99960095769484,58.97896941108561,1015.3341940933115
29.117071352866105,60.37553076660563,1008.1132141839382
24.196357081251072,64.00641638339837,1007.5163069205199
29.2740840191955,52.11923746096329,1008.0209753728625
24.033213346238757,64.56355973132696,1010.7902092014035
25.46847890046083,56.32925353981817,1013.3198886841344
28.757313229169498,51.03414459352808,1013.6794721516193
29.188977093520496,65.73447493355398,1007.2240599386084
23.243070139691483,74.91673858801808,1007.0413628499549
32.21594308473151,67.24829373485832,1007.3334452265458
30.28802511320189,69.22977565140431,1010.554582390458
25.181086257556466,54.79369393437701,1010.1593775832365
21.849660814203297,44.023802708315436,1007.1992981517208
27.420381683674275,74.90137522099842,1012.078414776253
26.21622514455536,80.5451488940476,1020.0502752333413
28.45256182821209,75.42806773769682,1008.9811381526594
26.547533355377734,56.6421406102025,1009.2659527151859
19.97017255701996,48.453656612711555,1013.2386462812975
26.446612246795368,49.34317302180433,1008.7647348330528
26.77752355572675,43.16267432385951,1013.6758579268727
30.534644099096234,58.926213815899544,1008.1258291728839
25.207201301555802,76.05677958082455,1018.3284784303092
34.71469869349026,58.583373681277564,1012.3790998903692
20.35343779739297,63.02322900348275,1008.5199082036931
33.2446699912105,73.75596964304208,1008.6452332021229
27.102724116487583,55.959046881676,1008.9448009891679
31.438339489374226,80.35531456719595,1016.4909986649955
28.319205936234933,79.92094407497453,1005.9249959695949
32.558222144101876,58.68888661319517,1008.328233318162
26.450552141788755,54.22465735980787,1008.7533577722983
23.60551829928875,66.97238046390314,1010.9372481329723
33.68201714908425,56.52475057481142,1009.9155612294128
27.546077416471434,48.434447829326636,1005.0350886744382
28.886233894496844,72.8123865352298,1009.4007092656182
32.93900765617918,72.1644738727708,1010.6017972672602
23.87217903162226,61.55511603763561,1008.4876086596809
30.381963590557028,47.37135246271822,1013.7471019561907
25.640420974148437,47.70473748782614,1014.6776337150146
27.471322577422512,61.072292884191526,1010.6864532010824
28.289115861537155,55.00128965494968,1011.9221663474029
21.999112554212257,56.589070678583916,1002.3557760106029
24.884651828718262,70.21963155060004,1009.3155889113526
33.40429156965256,67.33179317422558,1015.0192867670316
31.544764754339184,73.78142680497612,1009.3062536672829
27.74944169069106,50.09376776622742,1008.0509532944321
28.972493834051573,56.56808431313288,1020.1107557041237
26.82302997745417,67.58981695460113,1018.2763087607832
33.42633354331193,64.48078341012892,1012.8702996499286
27.198589688823343,75.32380382587621,1015.5556424459202
28.92736836853939,64.2053670590407,1002.0962583281677
32.58412057656826,78.48109104105552,1007.8497942374852
24.890514060616376,65.40017801723141,1009.1201685073074
34.23515673798757,70.6216744758866,1010.0560796045322
21.878154361026493,56.76485053215543,1009.0402239161042
34.5185685244512,60.14287211883989,1000.7998948339346
26.5092976641921,69.10944403839476,1012.5440984748342
27.029205008698874,76.12978170593054,1013.1746165131224
20.43995931526823,67.29236949310753,1017.4075951663599
26.180821130489228,59.168282280653806,1007.8467629409001
23.840773875892463,73.77335029528342,1007.5193473688804
25.56941461850611,38.080213437201195,1000.2800620561421
27.450756136844483,45.77765498493126,1009.8257326536365
31.831166457891623,66.8163422366839,1014.6044471242487
28.830413405602503,60.14108356253125,1008.5529285512291
29.230706613604454,66.05513651124166,1019.5737792741746
23.61792244461775,60.64407522431942,1009.973620656842
24.47698364158908,65.70945694603873,1011.5879691371542
35.19490007340525,51.8559717900681,1005.5475876776736
25.059195860947014,65.70486086079691,1012.1488813807011
34.62483300822918,69.94414528207585,1003.0827208205892
27.027755204476534,72.20550603931233,1013.7747918200525
28.009151744574016,80.13554294648699,1013.8977127049417
32.28146064091972,62.440984435023864,1016.437165697346
33.08756968775462,62.73911086847179,1006.9201251249292
27.55674975888365,44.76827535826152,1011.6422484731896
26.447027785913846,54.68588598861575,1013.255266237546
27.776318205911146,58.069179259933875,1012.7691265533213
29.35183011292847,70.50319552276355,1007.5388028994606
31.565214747479022,53.88998875910371,1001.4320724417754
28.016919435976607,67.96340019748833,1012.3878411875379
30.475545192092614,59.9837828303662,1010.3900012867604
34.55343892908376,58.22831884885238,1008.7333176281543
29.525238449059138,62.48893969133256,1014.0557814548619
29.246611424019115,56.08843627747157,1010.8203218473823
21.92435669963973,55.709627519073344,1005.7232197889288
17.477079452683746,42.95214094209885,1003.2741908436151
29.553502916920674,57.52045792672111,1006.4841469394673
27.620703074876513,55.20031853851273,1020.5720491790671
25.94086930034103,54.840190106509205,1013.8911070957311
28.97412081674538,64.16873062590041,1011.7544493679001
27.758385083212367,66.58631952790509,1010.2733562912567
32.511121002535596,62.321945046423274,1010.0104282402102
28.344443473035913,69.95415190449475,1015.6687839334364
25.01230685971933,65.75561925830365,1009.0376170323863
31.960664955837156,57.04943810194358,1013.3076816427372
27.13147570021519,55.3714371428562,1009.6062881988336
30.10614673468923,63.128222367668464,1018.7606265273403
26.0903571752288,65.73767109901901,1013.9691540303132
25.400692458010255,73.97844307031498,1015.9822272587345
28.336672920742785,71.91173044940095,1008.6623609012471
28.05131457417474,54.58526993492831,1015.2325444502696
29.919308141467333,58.979937198727384,1009.7496902984212
26.92541698676103,66.7101780491777,1011.4401392957313
20.65456086491841,70.67997778058972,1017.5401906824778
26.268904465646447,69.38969468704792,1006.8288997729743
31.175273868575264,59.361221671686536,1011.8129909252216
26.810495683027575,47.45977347571483,1012.7520210340749
27.01446638994181,50.01063623754409,1013.0800175232032
31.94550602362375,62.72633514319414,1009.1968620276261
25.152107090964307,63.422255794243455,1019.3450564032323
21.828787127028402,49.01320626565615,1005.820272458639
27.357475521898024,60.44569610889272,1016.8355415545299
26.063304195005053,66.31224356971784,1015.8602624223665
24.135014720986984,48.48773342492856,1018.6035551584148
27.298486176405238,71.04997201804414,1004.6470916051687
29.966022588987133,56.22468851440175,1007.5246740484412
27.962845753728736,72.57613112576651,1016.9677722366465
29.22792429074495,54.665475542241,1003.4918433814788
35.25363079406169,49.73374517115821,1004.5741643958384
26.628484553769745,55.418630101582806,1009.046768853154
29.113394538578678,59.048518769226796,1011.767975154489
25.96314654960346,56.11520093228519,1017.368900294595
24.61456112045211,57.83998578426887,1010.2589363402785
25.66036938632892,63.3396514967619,1008.5670434077418
26.084965713913245,58.288206302036,1012.2455597507857
29.437903190188504,59.33887606047993,1012.8783859331776
37.39630314680303,42.90773600797404,1012.7649592886811
25.13582625489664,63.91698016010473,1010.2880551681947
26.33349877753815,59.10796702308332,1003.1796555443274
27.747507947555007,76.1029298048287,1007.3295360435746
29.583195394838988,50.604348327460414,1016.6810843410699
29.05420324781914,41.91704671500486,1011.7482757519064
33.13638317579247,66.18068493930042,1009.7099115235718
18.29443171785917,63.46527018313,1015.4726741934959
18.45228051921731,49.91566979468854,1006.4795334705242
26.016487311959402,44.702510449959085,1010.098607465148
32.38920075017484,75.3739673068429,1011.5510336206961
21.737407873577617,74.14110390606781,1009.2344899868215
15.969470641224971,35.12543241293871,1011.4030512916064
30.284717624876833,55.41776970743499,1010.249224274313
28.97462889481086,76.64192054783899,1005.4026278088566
23.63916637280228,55.23937442222133,1011.7259115275162
24.05784159711628,55.09387765973347,1005.6865928339486
24.1210251214613,57.17240672370632,1011.6624605003869
28.44214126989576,48.79103026231841,1016.4965432966004
25.49473889526797,42.95224255771956,1009.8759072108958
29.976255675902078,70.5254731073475,1006.314067480116
16.581493348382438,41.57063093752325,1010.4920487471801
24.572592539488802,62.47271452108756,1007.6721155676859
23.4957841563558,68.8657949275765,1013.3780360105259
26.97463728651003,45.48773701098842,1010.4080450099086
25.847808966039445,50.757315974049284,1017.8390530066583
31.191375119583068,72.1317918839159,1015.6519583827094
20.56265291335977,65.3289172022704,1010.3876779820744
28.181965905323008,53.82714293121113,1013.8624362718923
30.23334569284682,72.02249003361172,1009.4270543633486
35.42658974624782,72.06535723454303,1011.1358275406607
26.0729361156261,62.69052693015707,1009.5542632145988
29.29783441741007,50.99839772126337,1014.0658238393988
20.78454882975054,55.86551296528205,1016.7319531068383
18.432175182747905,62.8638674395539,1014.1945928287646
31.3790975031268,58.11405170852512,1014.6877464051414
27.97775882540772,69.38957178234851,1014.6921337489429
32.71405075919369,44.70225919890664,1013.2050236893389
22.506388444121004,45.05736470933761,1006.442855363159
30.07960855811501,61.80871111482433,1017.803886077666
35.47527136217541,55.08455586193095,1018.2176433067937
29.678822433429062,53.72951385302259,1010.0644815867465
29.106326022364193,42.319432808256025,1009.5172083391353
28.034224323297398,60.19545844798182,1013.4496466116615
21.71647417149635,59.472448919992345,1013.203251340734
33.422291742841395,66.53478981951741,1010.1922157249879
25.556569440779736,60.68906133120972,1005.9998973776496
30.017933025532066,58.67395921759503,1012.2228047629991
21.747862773714985,71.77000636790338,1013.2057461527022
23.28216134196888,46.8753269655145,1013.9032845921552
33.74034959688894,65.36389218847576,1012.3971710894168
26.61079084416863,43.28852835204651,1009.9155394065524
33.81310190417018,51.61638119999192,1014.9760081580251
27.68707736376593,47.87342867376687,1011.2633939902637
20.63240890816857,67.81942535451918,1009.1403079425411
31.56827039892688,59.34589766404606,1010.2773864718171
25.64043072897757,59.86496755407023,1004.0161238701
30.794755254068175,48.93267012270549,1010.2710327032859
28.100843470160328,57.00306504067111,1013.7537460794987
21.827527088228518,52.36534696690888,1012.359132088557
28.657179061482275,63.834550148542164,1017.0826566919247
36.7848925686112,50.08908864668386,1009.9481003439372
29.971945834057838,73.29794365205076,1012.9492526522133
27.769928987978147,43.24419550375906,1014.1709607052231
32.30137360782759,51.934801675434386,1020.3714280331496
28.842673860812443,76.77200509966096,1011.5790619644706
28.838136921051177,55.64861252037966,1006.8232512845439
23.63349931136359,46.85121335595588,1014.3917150134212
28.935392103158392,62.19071562537668,1018.4629094238738
32.14177366566778,55.24607757785458,1009.7098051590935
24.6557513915999,51.64129744381694,1014.3643261544256
33.69798328498779,49.04129189201282,1015.9149122209157
27.633175903419495,87.68373605625943,1015.0682621758806
24.448921953845836,57.48448099815864,1011.5022340898943
31.99052830768098,40.74432639667123,1008.2061049671474
26.852823057046923,74.93709759005534,1010.6748818079457
31.038059549944432,66.1107090511057,1012.8344018155105
26.832965470965853,52.33533568980212,1014.632890096367
27.760695425880385,50.66880911313858,1012.3357801919962
29.974240817337165,66.73472796158231,1009.4803681338377
29.163588230360023,57.53081672510545,1013.2215186245991
20.017872878193046,40.74022181554899,1014.4403402709713
23.515025039622433,77.87239964604669,1012.518440225658
31.717639939163263,55.66009537784043,1007.6552515418467
27.47145364439381,74.95571736482427,1010.2743758611313
25.905074788914312,72.78434957965715,1014.7912831056499
22.565703938970103,49.98990455517186,1005.4679287650221
23.681054714896607,70.33189864363148,1002.6272879104354
19.912805440152212,53.48557450136319,1017.032331400576
27.594877125193868,41.33299413196058,1013.0456610200876
25.606249677675812,55.754018339778575,1013.4269200100804
24.13364843605874,63.97637501776279,1006.6927321054918
27.727506299328187,55.37263352003662,1013.9501122538661
29.455882523410953,56.92951659074899,1012.1009947502735
36.37279172883978,71.43566044928613,1004.6626896886064
21.952466321747146,61.064939802900916,1016.6971336570954
32.63752417320209,51.56701688715047,1011.6347332944749
31.89240624406029,67.02030323667327,1009.415664135683
24.883629042493197,61.97675566954245,1009.4880410160591
28.812943818344124,34.783951985379574,1002.9391123782705
26.16946700264954,64.28352913771448,1013.3733463985254
28.742754321674955,63.91828707716102,1012.0474288289829
34.0365240536182,60.2012112958086,1010.2236794706677
30.422424930525253,68.91700581069576,1016.1139408298067
30.03443349293377,53.276064156734975,1005.4645639240166
26.27876272018143,63.36499788820901,1008.6129100945295
22.06377334030266,44.33040628832647,1007.5999669809585
27.166127157838368,64.07090383398833,1009.8848200809138
32.82643261945566,79.53059695539896,1011.2698801010289
21.89132857364141,50.05143647532459,1012.7200540952455
23.77964252729322,52.40197868012225,1009.6121061875796
28.50507094493627,52.89984557108448,1007.4905770593804
24.06138086061095,61.29998225801595,1017.7440277990818
24.82990621153915,49.36963727146282,1020.6465607671543
26.305605673087292,64.2124737869098,1011.5731466875282
22.537530383239403,68.46839945469165,1007.9728785319165
24.103512615134527,65.34347213453785,1016.9018165241691
30.813711667149235,42.31584574361928,1005.2129715746861
22.770520871076144,69.95167665158606,1009.6609067011807
21.60851146202065,69.3736741425368,1008.2155317946148
25.47990008186442,68.30161372346305,1006.361857798198
30.92782201003938,63.72842248655825,1009.879903068313
27.212312768012442,62.201893142051325,1007.5433116833042
26.14167568753753,70.32389398126396,1011.0506178565946
28.17743519006243,79.23513487603455,1011.1087086706899
21.017170268561394,50.4695953663515,1008.514673105912
29.97882261510013,70.78125395794771,1009.5179465736245
29.533740125614578,59.13782901992547,1010.0766041283852
26.362766103617115,58.703269479713995,1014.2393842444777
32.02369804718567,44.63469309617962,1010.4062823957432
23.490015604187846,57.15210590484605,1014.2988069631444
32.51163597301428,50.02735042031585,1013.3432519342186
28.617974662381005,55.36145570494054,1013.286122787603
26.653789640487307,49.018136162218504,1016.5513838813839
27.920505458526755,55.51091612686994,1006.5224364810164
27.570940936756234,55.93889642976597,1009.1072675747715
32.88113158567087,60.967549184388005,1018.0531952011983
23.693283490115945,43.85250137708669,1009.9707339976429
24.949923043413605,45.54481852254676,999.7395052403766
32.145211568289916,63.619142707305265,1010.1881266274085
25.617860259264564,52.02561882929901,1011.539758120653
31.602132309326365,70.74529790229931,1000.5315475302751
34.79774393203484,62.252697220150466,1016.3357425595518
26.392819892233465,66.06762150206407,1008.1451501445376
30.725449306301222,74.10692320420895,1012.31425246075
23.385230874640566,56.90289188193427,1010.0960738186237
31.018933192271238,54.255132945837246,1005.8465943231838
28.79769594394707,68.71702585598814,1006.7179674614583
29.89215312864086,65.09513563929686,1007.2596686542898
25.41771171185842,58.12669690178699,1015.3426876367346
21.35566633773131,73.91457966955942,1010.4098472475994
30.01300825899802,57.87755690160069,1008.912537933793
19.746387390082184,60.32773637555781,1007.2615643496391
26.73059803102986,60.21222650834258,1015.7846008861045
31.76472746567988,50.65406105101529,1016.8568050900943
28.767590943492145,60.77585389486391,1015.7389755948267
35.79337057915925,73.96760177398491,1012.9697493566167
32.100436610327094,64.44968315376175,1012.1593201674829
25.384406446697696,60.310634263989314,1006.1362487280963
28.109253519405755,58.38232718834331,1010.0167234931557
27.810517189822257,63.30867028406351,1008.2645591866143
21.67129294661549,67.49766628489185,1003.6979515640612
24.238404334062587,66.09238830889753,1015.2281736766614
25.75695637208056,56.68135138178021,1008.2166802144309
19.855117988576254,63.247815941101145,1015.7837676297412
28.189973873006572,64.79939741148279,1014.5269856030401
27.003712621387837,49.92805012473022,1013.2268719065337
21.308424394753704,61.68230541183694,1013.4515362870527
29.616851461109327,38.38696113697638,1008.5387444717052
30.86349097876384,64.82533709821185,1018.4314006051627
28.908137915459555,66.60343054562682,1011.1725017238122
26.703727299164118,67.4754612578646,1012.2077267404749
30.365768607007418,56.049531478304324,1008.4036946657335
30.720881441906766,63.09046835024035,1007.2753389568921
29.229614278878753,74.23953845541166,1012.9091840352377
24.701550998260956,74.13769648291259,1011.8700539837552
29.106403062044723,59.70827300773439,1007.8425905363897
32.781922603301915,61.3931963072956,1005.2462931248983
25.613483765553077,71.10911144734433,1005.9203076506898
36.39175735652972,44.99197984737825,1015.7845348683644
25.89747626405846,56.769242573229754,1008.5469847413997
28.129628053360545,73.35570455536757,1009.6443658172967
25.310057615974657,69.75200541684767,1016.8013610350363
28.89308334368104,63.69263777649905,1006.5113977540543
21.0311132294589,44.94167594669379,1008.0920206971318
25.815832804733116,59.50089766958838,1007.9249326857572
23.631515198605733,54.10084603750067,1017.4722739246641
28.541353391569164,63.31038902817213,1018.9735340023296
31.97778950203563,51.906533152051196,1014.0062529016087
30.584024748458205,49.74276605025393,1014.133538896617
18.51336255656443,39.351347223163586,1008.678579988589
36.16827861171152,72.21804684976702,1018.7893139476171
29.181119762483473,56.00229488556943,1012.0707850174347
24.894003438027998,61.57145783702534,1014.412441057799
28.628511675963765,59.97761883525819,1010.5779002449162
28.70475929001077,49.32566067039501,1009.9278696506896
25.332605132193745,47.409350885518066,1017.6521690383845
28.7916666693683,49.94684874002765,1013.1588947189532
25.57011084951877,52.76831561170607,1016.8055018442815
26.38255202923991,63.66606247013805,1012.0213126869802
25.254883456979663,52.04282336479388,1007.6065338543076
22.26931484104139,77.46490631594622,1008.6666282684861
28.583345880861536,70.27151035893151,1011.4118609698585
30.34119774606535,68.08359549665708,1008.4939991358267
30.05953438430549,58.8034109752685,1006.5701543654892
31.279701010540936,75.14280735720484,1015.8056681271481
29.297360840059472,57.81994368878876,1008.8205197167059
25.869098007132386,59.68738585845754,1011.5527709911653
31.358655457724755,61.69974539749269,1012.1845343595425
22.56992984063226,67.01823040543344,1008.6473874987178
24.39731446995008,66.36908079002986,1016.803197865235
24.14319971430702,55.24874721555397,1006.5314329551816
32.32022423655724,54.670062805740464,1012.0465010543231
31.771154056560302,66.39902957152084,1011.9844708255064
29.949220948179978,67.15236583891233,1010.7829815885434
32.287719460847185,56.066488751771274,1005.8123495469121
24.482868870352046,44.128119303215456,1014.4832702074539
29.39438047944392,57.92683903991755,1013.9740426813383
27.499302286467344,66.23525798825858,1008.2977258856351
31.387528415539656,78.0541684641978,1013.8299488288214
27.53910306979121,48.02042037659338,1012.4996307452031
26.460228446359675,55.734287471694266,1005.8775514185555
30.16363407424396,56.10596438474624,1007.5842843417146
31.50467666876493,73.55805339431501,1015.5531257795583
25.326619220612795,59.65058499541367,1012.2376647405682
27.755697314590495,50.92673440627735,1008.7427882167575
23.766237465433388,65.58695282921819,1007.5660964353094
18.007755930028242,55.95361479959054,1008.9384248075384
28.801838525654915,47.75612726642046,1009.2220818804892
30.435621425018528,51.072266927238495,1007.616147869483
29.048267236346902,77.3404195442262,1004.0329435504668
20.20175312898253,63.84209221649462,1015.5600531456031
26.596602279694103,61.07760055452543,1014.8825346904458
19.126608959795675,57.501062641879535,1005.9069781927726
33.47880443061674,62.92148842118799,1011.5452451822547
23.655781671527656,62.802359460024945,1007.391047189141
33.02161443783959,62.92168828207326,1009.9537311070939
31.783478574736584,61.14845090277753,1009.6209336805053
24.397638589855752,68.6879833830555,1009.2886631371285
23.46886019492902,60.231043460007314,1019.0117883363051
29.401480865545352,50.220611644473614,1009.2386972612952
24.622703851267715,53.87577109099132,1007.7669446997323
28.409938568632832,40.20981306510288,1007.9496742820118
26.068689636772326,80.26817116042392,1015.175107825607
20.875366342137468,68.62754591952687,1004.3915906732283
19.078127923502166,51.69929504870763,1007.9495083342579
28.906736993978388,57.181551506029,1016.7872913604461
25.7537690146775,53.631235257935664,1011.9759447519906
25.78764073234347,75.42547211374117,1011.7676880201444
30.783455356375143,45.80122835729071,1019.5285858405748
32.69376910652978,61.14476058818779,1011.985391811794
26.909821114552763,58.914721574351525,1008.1672553545617
26.637605172360555,68.26838630709115,1009.8716917724946
30.000572132455535,58.95990772275305,1006.4582707638777
22.572257721201698,42.41791123344565,1016.0237481600628
28.892612218990788,57.48882165357559,1013.2982468701468
30.207543887288615,50.278377820566746,1015.4976565998836
30.720920833670515,60.795795465565604,1015.8519357141975
20.25298918999014,74.34177036520326,1009.3431568762899
24.954578920764238,42.60574755767722,1007.2209885919644
24.486946988706134,51.99777264600096,1010.7931475547679
28.39954781763685,54.473070462165026,1007.5089557168459
29.922978319071937,56.18368904586789,1011.6598275016361
33.986841629783925,67.40125664105244,1015.5283875233388
26.020138078527708,58.26455582438612,1010.3274414158034
26.009710006763143,64.15802725720445,1011.599980359631
32.598688075514985,53.74226956268224,1010.6246175351065
29.18630775412122,62.299243454179376,1014.2109102897508
33.0706060447519,67.77797630877716,1008.3288704228469
29.154912012039347,52.67700450262912,1002.2142149534276
23.371533525146916,67.81358119806515,1012.8834754375015
22.667486580888774,60.52372768727569,1014.9513376852319
21.793951003764285,70.45460240482252,1012.7854969790342
30.648207339033892,57.985800999230264,1008.4390780181279
32.754387292348035,63.81244655162099,1006.4599516072557
35.397448565545524,59.5939376832147,1012.9779901271213
31.372421329292962,59.037877379594214,1011.5659158117387
32.65135431013994,62.5893042822569,1010.4968294893666
25.67993466938526,65.36807469224904,1018.2898533719751
23.374336733024574,47.50435088075995,1007.2127996232747
31.400317329670212,74.33633608817878,1018.1001480845099
29.6707230089576,41.40336959450202,1011.1271356194826
28.42977749736357,53.15187890261104,1003.6577180925165
29.54948592253196,59.05730929235099,1010.2831893827234
29.29274192983282,64.12355969085948,1014.8379843063977
33.13526743941424,75.76172527741379,1009.5397798687801
33.179942339267825,41.417085117748925,1005.1008858350464
30.17688140936139,54.923058716102894,1010.3419418728154
31.383211490251714,38.73166512200734,1007.5713105044332
30.056250209699105,60.31621973910248,1012.9672576043519
26.155321071861525,62.716835845000304,1014.0935992642704
31.02625869965256,75.90795742171252,1006.7749183690075
22.422019724562954,61.20634760893454,1008.1767837795373
32.215566209183535,70.4402512944238,1014.0265698604278
23.22190824093586,65.83837081539059,1007.5646228868042
29.143213147178933,55.647518029948316,1006.671367456688
24.619384166295365,45.910392532079605,1006.285235472815
30.21355593229771,62.75002298291811,1012.4081544518325
27.864299096288363,45.078979828546366,1012.2366308780698
21.62097616734667,72.95207072669643,1008.2638158784838
29.682798524073917,58.37937897963176,1011.020341584513
25.688316892669157,71.95177411511416,1017.1085295366205
31.524586883253477,55.197855658676005,1007.1037593723271
28.005302754937627,62.68850786400992,1003.1930295639582
29.581683941552154,62.09348857334689,1012.8203023028815
24.169724179939152,59.54955881989076,1010.5583953443936
25.642671074290554,55.673404866034076,1008.1598996527396
26.165445455595663,63.9245601847052,1013.6083209494196
31.42680992097022,50.73836736516792,1014.3569005786752
34.709508351221956,47.905646710409414,1002.1668879204797
24.779312993028494,72.42826893326827,1008.389608362674
32.30739257863072,67.271679888921,1020.2700649247874
19.32129032909719,60.6589160860224,1013.3336196631927
23.22324239563084,76.65142382543782,1013.7044145531886
24.1648861752529,57.32234481275155,1015.6915771145259
22.58996524223711,73.22703219988979,1011.0682753007989
21.66564644084968,61.75574084925822,1014.1867366403665
29.65199564855119,49.7524924992361,1013.8722481753488
27.143729209088555,78.48040191770849,1013.156165987011
29.51762159042044,69.90710846624086,1009.7119521175304
30.761890744486053,58.78978968990436,1011.688235689465
29.062467972690133,67.2717125953395,1008.6465537427729
30.631052704601494,55.962965660020934,1011.051257218266
27.72187085503092,68.29149035059542,1006.3260364316029
23.252026446777023,36.08921434716041,1007.8375040349082
32.23125672328318,49.801986663054066,1009.8707518323002
25.643551468875494,69.79259744286963,1007.2251782742796
24.257614804950297,57.50344461781081,1008.9799309170193
27.28832849678241,62.07542294888742,1010.344296092978
24.348756322813948,46.53214337884565,1012.6090493786575
26.33027847204227,78.47866995702103,1014.7970292074116
29.376215686253865,71.90529643717676,1009.1448625144876
29.393366956984508,57.993147816246704,1016.3404184690745
24.408679734297483,55.953041431366735,1014.7544443145019
26.04917850820502,70.29604361419693,1013.0163753277758
32.297332019080976,79.82470450168927,1011.6145965171864
29.985600470935765,69.53760255811353,1012.2764833674742
36.30026015739416,81.71802667396602,1015.7482046026655
32.72051269496611,50.77648670938082,1015.8943186390371
32.57717227423976,51.80613169501209,1016.3397869135346
22.448525798176792,48.110588819466514,1011.165307327508
31.05544140653369,64.4176064964948,1013.2198686599944
27.78757279321236,61.7560354980437,1016.3741860264882
25.796072785847002,58.48048876528014,1008.5051358603345
28.672061362130115,68.09258628123298,1009.7263325851268
31.780846138445934,72.32328605214664,1011.0641466520539
30.003326364016846,44.74337590713158,1014.5983949519176
24.48610479463176,54.030279720988844,1014.6606886028745
30.96983565437048,68.2014359412306,1010.0765435552082
25.449649831696146,55.32261316141418,1004.9655621824811
28.866732475857145,52.01793923641846,1011.9847357771839
26.786599730091464,70.18537427650395,1007.3267354506864
27.124534993057498,47.1049993027602,1005.0402551814391
31.06497190016204,56.98420192208895,1005.9445137570651
23.83922512073641,63.28644025804809,1012.3055240313822
35.78078029710773,54.261800860898816,1016.4441494437312
20.715655722822014,67.83155656013174,1011.155578064945
25.609329266980573,54.31123024802631,1011.8455226185839
29.480847559766964,74.0861949344592,1015.7315797555117
30.33725666574124,58.742537025042274,1004.8221803636658
27.59809711771318,66.71270136705354,1013.0807056864011
27.77043718799383,67.46023952982816,1010.9536408627247
29.642200341310467,53.724599972559275,1013.2642298353283
27.07572209016928,39.465134513441114,1009.0660643663847
33.57272503173962,63.60755754663835,1007.7282508382941
31.35739645692641,60.72288347124869,1011.5620356171424
31.49129740402254,65.55826027575128,1017.5967652933379
24.135373106518333,57.734725276171616,1014.4436404181658
27.682446302377187,55.69572301199284,1008.9692289192797
26.798136205117185,80.084730109817,1005.6361118560749
23.977594497242137,45.27645938489222,1004.2717308652088
29.44065673578307,67.33950478364238,1016.2643978074019
25.849416968880735,54.25398141816609,1007.1796708474567
30.62161531940095,56.64221382259578,1009.6979463480203
23.719233748422674,56.828971674260345,1016.2848445043103
34.876162451367286,51.96565725828743,1004.5443941780841
24.414669365631752,65.7122421023624,1016.9690580379003
28.877209348801745,73.90643595949958,1009.98543818443
31.16743724155227,64.70013661246662,1006.405666739045
25.71743827919955,61.03381996212095,1010.0105962914043
31.409874573731802,50.13559500900753,1008.1096128743941
23.083265608798335,65.16825265824451,1012.7632791956229
33.80847079673024,81.56349631729299,1008.4074702644489
28.056597059863034,56.193053762049075,1003.3534311563238
25.61435436812448,56.24016420648134,1010.117749862364
26.80327291029026,54.38910869019003,1005.5738197908538
31.235677077570877,55.10585765505579,1011.8172795359533
25.662178832598247,32.54700446327615,1006.2514786708667
25.00256924230889,64.05035385855713,1009.0479487873116
27.113853609665046,51.54447823645386,1011.7303512168573
23.292151548920128,43.897368812082,1010.1501650998629
35.28217563176726,67.53189949732548,1012.0017211320041
25.734421635141107,49.17982214958064,1013.721148662871
31.326467144721615,56.61330946116242,1006.3682652010748
28.83788033459109,74.6644239118858,1010.7424098375012
24.061863798072128,45.90784201975487,997.6819848099675
27.976181163149082,44.67401765402238,1011.9893332067301
31.136011117242994,62.69306189562338,1009.7967434785006
27.246954659654772,71.49487364010369,1007.0662009460881
32.77245178340411,44.25658282268037,1012.2628776891861
32.08606157112746,64.07689736837177,1015.6907903087402
31.675659418633316,65.80999539961692,1009.0959290096042
26.161372910908014,39.4083951630768,1007.2207420390331
23.680630208874053,67.9850133790722,1011.6601010497549
25.545649578548822,68.7660587984218,1005.6575733334146
28.78496376266688,56.882144267439756,1008.3584745178579
30.183146854129422,72.52346362298007,1015.889608646602
19.31371438095821,71.36455574324845,1011.2487169192492
27.967547193553,61.03117925717205,1003.4821321442154
28.632356901292738,55.48554609675067,1003.8120334108823
26.889822974737793,50.27172107417043,1011.6483427705871
33.16509535606352,59.62436490633809,1014.4495623036707
29.687120297003485,65.6975891970418,1004.5295141654954
33.24076763232359,56.75823138959359,1012.798850429986
27.13615791859907,38.0249899473797,1016.3213740299589
31.7499099700277,72.6871389457657,1018.5514359518346
34.54026557811008,61.90223221844894,1012.3248910394395
33.24677379709065,56.20375503323166,1013.0272103782099
23.631433626285066,68.57158388423288,1002.4672622894874
26.985295689830476,75.24638596482757,1019.399010191984
26.619341178200813,31.980884305121084,1008.6980391476155
29.957018140305312,64.34263649922072,1007.2661153662998
30.745414220058134,45.73350789189653,1009.9791754622415
24.644429303897056,64.99110506798941,1017.0466936567417
28.27135405566775,61.27927202374579,1019.8321841901742
19.920290671375454,66.3572652644055,1011.5016347179034
33.76778002320756,55.00752385505345,1014.9923366904146
25.950503037293224,41.26759888180848,1011.172816194742
28.223455759377988,55.496318087433316,1006.8488181079273
26.761401144047756,64.06847635139783,1016.9069746831532
32.58411030005366,70.15392328675223,1008.5114900785744
16.649974234410486,48.28168699527475,1017.1421230934875
27.933558630696364,70.27060426873018,1016.1941653190763
27.57672497000921,53.521277103534786,1013.4561450558289
26.18545444963327,63.624498815945266,1018.3158990250174
34.90490618254253,54.90106047134367,1019.9293841327429
24.450682164576914,61.82170627712102,1010.2990265481427
31.087184708942644,68.91877634570275,1007.7648235263342
29.425011154824332,47.729859227114645,1003.5429206509741
33.046077010142064,53.20094103253169,1019.978729021721
25.331243660889978,61.84962587342087,1009.2412719643262
25.068124403504964,84.01583661030352,1015.540147428407
32.38427962990959,51.36810287833172,1008.034978529962
29.70128523332044,80.40133885996919,1017.1530625636482
21.820250613292966,80.0442330367517,1008.1995296327383
25.84277994214692,59.026888492984085,1006.2331234655306
29.545530615392245,57.018474738001,1010.165974276185
31.351056886186356,53.07934801335308,1008.8728971961534
25.28307738722818,59.31797469667331,1013.3851991418449
16.342976040732236,45.93280567440442,1010.7944202912299
30.092892742948134,59.23760982679402,1013.5108095782077
23.118717240224097,74.96880273850856,1009.8359141076588
19.930644807510355,53.889149375232826,1008.3395705159248
16.670696300063437,57.59275696010949,1008.6657578084157
31.255923440790966,42.98859525732758,1019.179755192124
28.514469801619867,63.740620881310434,1011.9006837289078
27.097374477150993,62.64481684951374,1003.0649511621879
33.556097451851045,60.63702359765771,1008.9191639461836
30.54929873209229,57.83172949777857,1011.3874641299035
34.46520017088767,57.07242081227545,1018.3815987250015
22.429058111332015,65.01900233700673,1015.1147948635596
27.861797504184146,59.71183398411377,1007.3131286540723
21.53314650020794,63.14971871555332,1020.6734230142898
27.082470672578133,62.149828174545476,1010.8753585407941
27.005536584933292,71.23427287095762,1015.9853192442998
30.506454549052282,66.76994097375054,1006.3799660104004
28.182255524567594,61.9286184315019,1001.4073476189964
30.493628553119663,75.1842203065218,1005.3662740385265
30.813760532555577,64.20268529056561,997.9986660952172
36.619714709532566,73.0496268879042,1019.4483573090116
26.738813378855504,66.06942608386638,1011.8581316755457
24.235909197334482,41.58080921068457,1007.3014239262079
28.984334461265636,73.04834763319329,1012.8104961199205
24.790879891441826,61.35176241342669,1011.7573361447206
33.927843073746146,59.48045229099222,1013.483733582456
26.86712784421907,62.81348347489577,1015.8381256045451
25.73769452850404,56.55016838042933,1009.8403153879
26.114737115395528,62.270288603889455,1007.480642775596
30.873669693886562,54.08123933656908,1014.3111008574876
27.36901206707406,72.7427225873437,1014.2093311115378
25.43333271947847,58.8641188637895,1011.4029432324854
34.66140767049412,56.17416157277567,1019.7102167547231
24.575320637353,50.75074184280726,1009.2487115085534
28.142264296131973,62.68775789148641,1007.4005681134589
30.60922460644092,61.87107100125092,1012.6723657100264
21.47465955833171,63.88424613677506,1008.300248572346
29.9210420056237,49.72748112494871,1012.9820660965796
23.7795692980782,43.98818801188427,1007.6679669766422
31.291131123336008,66.2559130250656,1009.3990308682725
24.149395952324095,74.84641861876507,1018.5633616801566
30.771076127395443,49.73646377610104,1009.3776505730093
32.42333226517885,75.89441283561699,1007.8045938239308
31.44574610253122,62.839110587363805,1015.682715154826
29.00526659295241,59.9293709544917,1006.7958321988532
27.0747962282812,56.02451303454222,1008.2282270794117
25.694321694660623,46.15481980575004,1013.3062444820359
33.88413876326842,69.877285159246,1014.7536456954932
25.202019119329428,52.24393638562397,1015.8819055643243
23.851735705720017,52.201933242623994,1008.0111126711181
30.66147574013132,69.91926309886955,1013.3840346919445
24.815452787254017,41.170165533282734,1009.1355672018233
24.19974601013549,44.76402189331833,1008.5773774659575
22.22558295132094,59.818657564919185,1015.8128511291692
26.06836064215793,62.93284429004852,1008.8017824165617
27.669139904414028,64.84734647968924,1012.1128183840839
28.972366910642794,56.98201506603747,1011.6223178769226
31.805224977197934,85.3036966864169,1006.716982494646
30.107591694663174,57.72107441234166,1014.8643714214253
27.23651112178728,57.69213847897278,1013.2411235747159
27.207217294481122,52.03013331186123,1003.0548375525183
30.040629875660734,61.23906816521071,1012.1096844449494
33.09028065171428,66.14961232046775,1007.9081062633335
28.5052567979328,72.0357805453346,1015.3883012256505
26.123476583158364,45.10715735559782,1005.218400652877
24.02853599565782,57.54004661644299,1009.5740921254818
22.2191789423511,64.46703610809143,1012.4480982039539
30.66507868817409,65.87057534594535,1011.2173611765675
30.31191409455823,60.065486578045395,1014.0518330268559
30.309454100426645,65.42423969532102,1004.9263120559629
27.485362214591778,51.910361070742,1017.6076573474695
33.627738983567,75.57905432318357,1013.100578635153
26.063526021660728,69.9262810297943,1016.4388728520036
31.82107694882882,46.55072212934827,1014.496960676933
27.845028420041828,49.248969518832446,1010.9535595421798
25.56659694128265,49.53078249893094,1005.8632071563553
30.370121229271046,66.77969970896528,1008.7457872750052
29.638544474735976,47.15272233582533,1017.3582533314503
29.427891037067706,56.6897566579192,1016.5417511266255
28.325113688224796,64.54704396416774,1008.5216000795853
27.848427673132676,59.33834065453565,999.7267828551912
37.55348797148176,62.588875157127056,1010.1492410627795
32.73702658078469,49.341972886512416,1009.8491884474836
30.891307579942048,65.94854373397244,1010.0009095518385
28.447196632813554,53.867881075240035,1013.1141568073256
32.02862880238668,56.75380325602059,1014.5048503172867
30.07197910556581,62.37731727905986,1014.961198188398
28.104819011096144,61.030782215308484,1012.7828365605415
26.78574269893634,60.23980019015593,1003.7969171923095
27.676330649349246,52.493731780232444,1009.6352010692268
15.318297056487777,57.004505888008076,1020.2163591341968
28.842403357190566,60.021835908370356,1012.4968669392099
26.04609567955856,46.24914766832915,1012.4712782737755
34.37067999313154,55.37467033686621,1012.4379437590954
28.077376283247016,63.876798790328465,1012.6615184900239
23.244146321860153,47.22563396154658,1001.4675512756563
27.80047938348753,71.5658165159424,1010.0419027323558
23.815515659749984,72.69613262599843,1010.8484286728212
29.893629662849865,47.548494240399144,1016.1259815970136
29.163789457357943,73.57619633050139,1011.1906915784892
31.83135852443307,58.56418411287866,1004.4139544535923
24.836472833221737,64.18514559157055,1012.720356624687
28.136032384912586,55.033489478717534,1007.784701407029
22.53991281829346,69.23044827226762,1006.1328574356743
30.80597912769886,64.06094018848667,1007.6633638131336
30.07548472176049,51.858467434023964,1013.170016918658
29.983220084110282,48.347980000347114,1016.0350449590403
28.006476125427763,45.39697564790777,1012.9317197807103
29.659091563155165,61.87941776432756,1013.528092894468
34.41735643323439,65.72471411779736,1012.892181091352
26.859622971831943,66.50965678779441,1011.4053087074419
28.55458073484034,58.82018905392622,1013.7877225398511
23.65549480327436,48.43003544335636,1001.3248981317223
24.52695615360667,53.17925201976217,1011.4443534052193
28.39125317237323,71.52348638961925,1006.820299861511
32.415734186807626,55.153714353999185,1015.6516102901766
26.97487670299371,61.43417630681476,1010.4113787791325
27.056333882751503,49.24349516425113,1011.1237923530713
26.3724590219825,63.36583045459035,1004.9797125029847
25.860973316622708,55.42315438320922,1015.0673235560514
29.179885822835285,70.46712713775764,1013.5093124810952
22.010969419285423,67.73557706206813,1013.227791529362
33.12375830666691,55.042940534251,1007.7479085913247
25.33831080748216,58.73335972652337,1007.9054406202475
30.887613941752566,54.488837599593715,1011.8943978177837
22.920005610424496,45.8056680345499,1008.2220063590078
30.675360522184874,51.42557570452783,1012.7395718507094
30.68777843125799,61.982173277208204,1002.3563495889331
29.536808288023586,63.25259498229582,1009.0498217743736
24.022285912800832,61.48547903592639,1018.187013861706
28.998192758392307,56.98266946041364,1012.757943311983
23.267775261062443,69.33066605720985,1011.6671746581239
26.988946979615257,60.635419045609375,1018.9409061426854
32.1176524038213,67.03253828095947,1001.6561855247943
31.18680770828297,42.26224867797481,1007.7387555408476
28.060731770161734,20.775997483816575,1009.3953073130104
24.100773696308632,62.8378802783808,1014.4334049320215
30.582350848696773,45.752343462785106,1014.502625452913
28.0775249507921,57.87548297286944,1007.5359731640694
18.718737607078307,56.97902958975394,1014.9918172885702
31.130519305266073,75.87400602415536,1009.3867409307131
27.903068664521232,63.99996552943607,1015.8465585025966
32.80980499193229,61.658590267986725,1006.8694292075118
23.618917924628782,68.36991154633674,1010.5067536037353
15.293184747215998,63.68497586839039,1009.0393307384937
29.11633543338074,55.42323007011567,1015.2241214862629
29.16625470672789,70.7147593025456,1008.9088751337354
21.23731348957419,48.902498721117254,1010.830205883953
24.086001816533575,63.23247187533562,1013.0272455906522
39.02087097487961,44.52430205863689,1013.1810339321045
26.777557543384788,62.03943857515995,1014.5478104298927
30.923835905504866,61.929896417729296,1011.8444991073786
25.397360690526465,76.76454961914663,1009.3270043388807
19.638788404587373,44.3502610655822,1009.601205018565
27.31896701281638,53.99112824146187,1011.1026892608304
26.93758175885558,68.22682426574144,1011.9983699042975
26.400487045326514,63.353172563973075,1010.4113134086062
27.54143665797443,61.803050513375034,1011.0768136838622
29.057073086582545,50.438642970414605,1004.9309845577116
27.399532194984772,54.09181651908571,1013.6694211378187
22.943975328210545,72.45041008223257,1011.7244491555577
29.944739166247757,59.48490806246072,1015.0074816541644
20.202512978710306,63.753596961444735,1011.0006420296284
19.7985701708632,58.84811671223521,1004.0464096859129
30.95672197880627,48.16914484750235,1009.5662152427733
30.028081088541427,69.33810426074997,1010.2002803075263
27.770418539703854,65.03232384532497,1013.9716132217344
22.418205980979714,83.05636837367189,1002.7189058219465
25.168356237303698,49.84418620349455,1011.1647180677958
26.949013009253985,68.22572921200481,1013.0547008631733
21.616424125703546,46.884560339629985,1008.3540484588739
25.04388536790707,61.57346567673078,1011.2985120392674
30.60932135270672,69.76506589063165,1008.4918539634007
33.709221457156865,39.27864883903513,1008.0817082671184
26.322260989365798,57.950675257583924,1009.3663205994748
31.025953417264393,54.3679026595738,1008.1572320301319
20.34375971765013,52.98042701704878,1013.7344732477453
30.637804964454446,63.852126522593544,1008.0601924926585
24.784206341090076,71.20685706422596,1007.3883599718083
29.22938246683188,58.66721284770845,1018.0717146673582
27.008990327041165,62.0548642756002,1014.8429600472962
33.281656039135335,61.143087530592474,1003.5539465573632
24.50225740664033,60.01803506356414,1007.9409268405899
30.510425190247325,49.10657362287894,1011.9698518868909
26.881970146813867,71.08444601722893,1012.295020268926
27.366778087961343,62.95195368158836,1005.0380285370525
27.26458442736316,63.94881490002577,1015.6342619712893
24.61730758202355,51.93490370974418,1014.3008976767265
27.943604136373313,55.4077960201076,1012.9276065281614
27.749407111512713,58.23865802289222,1016.4269139628485
28.964960993626917,44.65875306551148,1012.8091599702836
28.33802058277145,43.11965674802322,1012.7943235170073
31.191978198448943,53.992520693614324,1017.230717087289
31.694034464189475,65.2252076644239,1015.4048783229108
23.797506712688794,53.46862610070059,1007.6339701643539
31.475090002363086,49.811948024092864,1013.5327807146876
23.254654291560584,51.8531434676233,1008.3429285401656
30.35142355255094,55.44657576854687,1013.0166182038012
30.478955138811475,56.46141037179896,1012.9064540280792
20.354732433349984,81.65521452206556,1005.466130750176
28.37191698611764,70.54620628487318,1010.5126175547558
26.126015546558737,70.24774112281727,1012.0610280943216
24.9649389682585,71.68580364273382,1009.2548392360234
33.40340932279602,50.011791306659504,1012.258839769563
25.385283437450326,47.776353850127606,1014.2235911080043
24.7744922835278,48.931297084659434,1010.877627743077
28.302779760020375,73.34506133337838,1011.898397906833
30.742358985193665,54.52808211117509,1016.5336963142239
27.433405655959493,47.48643817760713,1012.8927863329009
32.66548218267701,55.690037997801866,1011.8032971586979
30.12390264785636,57.61394468285373,1007.1676824814346
19.28715472107428,62.68413273694562,1013.6841040455554
25.882132145971966,62.50951020712043,1012.3205997975678
25.752631602593205,51.71819436126492,1016.1349577348057
29.91744381371769,66.85656392513711,1011.1875141732132
17.500731774503553,53.60806466249842,1003.734933999464
38.19603883487089,58.43723663294957,1004.1995165246869
30.124104379576842,66.86774070503355,1013.942723055039
28.595507215670764,53.58178596055659,1008.7192256092073
32.72627086567658,54.30648576418862,1012.747071004442
37.3746162112505,65.9166804969313,1011.4569305780094
31.482986578353614,51.42266823394981,1010.3326413292243
31.79525238588648,56.15207976395929,1010.6145548576471
28.522760097857528,65.55742178042892,1007.5384419798191
27.433896986532208,80.54092441435975,1010.9368892444013
26.096818223980396,66.05404504762747,1008.6620262688224
24.69555203314183,64.72639762990012,1009.5109739194971
25.25194360120201,65.3080158367273,1009.7054038211634
22.597776142628067,49.26809725932951,1010.0932269204051
27.69651419725991,61.15596738679908,1014.6886938260284
21.261329691094453,59.702335116635986,1010.4808366831812
28.76366609657484,63.21584540372756,1015.0948093463604
27.854677567830635,61.16508052475871,1017.151419805306
28.58774119354675,63.79699677417113,1014.4197786042246
25.911473719920032,56.88532805100798,1013.137874140274
40.0,60.58608917371793,1012.307328837934
33.44046360072125,47.72171433943008,1014.4614348362003
23.021829999661108,56.80092721997086,1011.357442954385
28.931472349707594,73.90833548176643,1014.9382793838288
25.567975428250705,63.18808339628256,1013.4564232211587
23.942081093170344,59.79078962616923,1009.5606381568784
22.639711715504262,78.96123276254346,1014.5834035204113
29.728866763037015,46.391650216989206,1011.3659200239102
25.274479059721706,48.9054444455378,1010.5754719695508
31.871304096100815,77.12711411276273,1009.0952033584041
31.975128858121757,60.45960936048934,1011.6640753914983
33.4956575408458,57.57416963710206,1014.9858504616519
24.590452935703585,48.00795674904357,1014.5557600223722
29.90146244276804,64.47696266395012,1012.4135751898358
30.529816866569202,65.44459869527462,1013.3985745629002
26.10328729958414,49.055056391651036,1016.0867871660902
24.9129121704285,58.59724414449572,1010.4001348353165
34.43808266310389,56.64484167966934,1006.5383199858792
28.909983502928213,62.55977146418771,1016.2045194087143
30.543871002846952,48.80749757779356,1008.8808869918771
24.71169595268829,72.51947454513157,1008.2386475066244
23.122862133911227,69.15823781597604,1003.8152089786618
25.72220090203156,56.36824441267184,1013.2851322126572
27.50391445044001,57.835812883616285,1004.5141895017911
23.743119972730604,58.63577849722384,1007.998964769233
27.960620765398467,52.21691446993496,1013.3529471780603
21.245979247725998,55.56570581764964,1013.8876850096335
23.519810310120512,57.29729632325391,1008.393183407127
30.6836449931075,76.12868370707127,1010.4633866920303
30.415162081111575,69.46618308330437,1007.5096218943754
26.432492938452533,69.34654707336624,1008.8064128487553
23.928942763692188,63.699256130043906,1012.0648610406116
23.890385793895955,48.826729910687654,1008.9934132848142
26.506927016234744,59.58508895422621,1010.0231398392973
30.578073966581165,69.7048845961338,1005.1411732735297
31.712982765377298,47.41735370632712,1015.5318246592245
26.013873058072125,66.36553206873265,1013.0402663726843
23.386030296060866,83.22609225262767,1014.1716214873488
29.071374551465333,70.61816645989731,1016.1617012984675
24.705860117496602,74.14029135561988,1007.6991484978171
25.92698944455519,62.18338750442161,1009.5664220678879
33.30110436174815,69.6793194876499,1003.4206625296712
31.30846171426307,52.82146785645965,1023.561691640409
28.631897249005807,67.95863812341227,1010.4016587387305
22.91232399554911,66.54388134060763,1015.1549115996596
28.845586269882634,62.89911174037663,1006.0473554226581
32.25062916315011,73.16007419718498,1014.985553702572
26.497465336937857,54.61215162152612,1018.4303635065986
33.40445635994686,58.12942483526337,1010.7588770038881
33.17098115807283,60.954620413582965,1006.9564740136416
34.654931328573895,49.70389028910599,1010.4448143962179
29.220972506125413,62.269319438002476,1002.0929539001711
30.34956679922405,42.81069587046153,1010.8484531959126
33.65674915332436,70.4695453442821,1014.2838685572519
29.7895757482759,60.46637366565966,1010.8569694225059
25.99506356883915,54.791070960962365,1009.8634417812441
26.205828653888556,51.65626387704879,1013.1102724644481
28.954219815094955,57.65420970380812,1013.4160993877982
22.837754312215125,66.88259710772414,1004.3603777499793
27.42696433854323,65.4773897873756,1011.3552918491151
32.38618847292101,52.94462052721539,1020.7439404969169
19.234984595338876,51.53960327372366,1005.6599350174079
34.13792840717806,66.56898706319647,1010.6583246686678
32.48949687481264,52.776525953849706,1018.7669844882068
26.160941536678095,60.59909774079504,1015.4167006261747
30.17356331148724,61.23754642524277,1008.9464132768958
28.012590907625306,63.120621317267386,1011.8245415184904
32.91996147375473,68.58270430181872,1010.9915532800607
31.930732571079766,47.37037063132677,1008.0077127827134
22.399717107267964,40.88840674739512,1010.7029915700276
30.349049653856706,54.32552718771648,1009.8801354687739
27.17748858542701,78.01528407832186,1011.450995752307
28.3313302820724,80.22174100087378,1008.0064672772359
25.087312396120737,78.31177135565888,1005.8935271990214
34.99254827648334,58.070186322393106,1010.8348769064305
32.1602472796103,42.178849180151715,1017.8604728727151
25.040915344108132,36.569608983481594,1011.3288117050512
22.66155757235907,53.859618384505886,1009.6736248842739
26.457309476088607,58.0192636985064,1014.016343220154
29.738010584365224,73.00625401055959,1010.3667215496184
28.96082337578489,68.67805459542446,1018.4721316998365
33.012531299072975,62.2740507899162,1010.9843499628197
31.15967888872341,51.101552290588586,1013.8019882526327
31.87827610301163,50.3922044175511,1007.9815824704269
29.30742160244175,62.541276870714356,1013.0123570133467
22.442805079156038,66.97050978839727,1012.1003739077751
27.217205875412393,63.918812622455846,1010.7739755013631
32.24035895963466,49.65402040393345,1008.9929689553211
27.793908285901416,66.50667628792087,1008.4478793373905
30.012361474494988,64.25910967101412,1012.1294106559186
26.725006739015466,49.29333593809822,1013.5157564387858
23.88075260583262,52.15679029699744,1010.4913488148235
27.50662374381556,66.88495974561566,1012.1490717164831
29.236189772130615,57.65492464854109,1010.8483412874689
25.377249122154225,75.89147301636457,1011.3941040996216
27.057155020573326,65.01129276064576,1010.1982200692911
24.24214703205607,55.13368811810731,1011.0718903174733
32.476979670256384,59.897943996090675,1021.7921618272698
26.822176969647863,60.63383392637718,1012.2465371952297
33.811022180504736,52.7160968675829,1013.5811878337241
34.11499140216363,50.87411801822373,1012.7520944213123
27.675816141113025,67.013898938095,1009.9487327068117
23.966205069810602,68.45273297042095,1016.1759568531667
19.65640848906665,66.03781469552959,1009.8353449182946
22.111851707892832,75.15318094323801,1015.2202181957703
22.50466070040536,54.58226763988398,1009.6631720077343
33.513878509846016,76.7427076607113,1007.1601099234239
28.463298348907784,50.99078881445847,1012.4615848329448
29.55841809636795,49.873144366315074,1006.5813265755916
19.118315964259494,42.4004111785075,1013.1425609000664
23.208134283130953,55.54204686173183,1006.2233653756348
31.548319105785147,54.96277663170547,1009.7239678781086
29.147096449530345,65.25937280254651,1005.273081213901
27.411178885257613,62.43890941620451,1022.296668037611
30.25936943440049,48.07026628980863,1004.3841617615348
34.54319122454326,56.07273761574182,1011.0392549615856
27.1158301458518,56.28537978912315,1015.57321709732
28.27747921063228,42.240177530381075,1015.1455436343481
28.77038767492522,50.190532729866305,1014.4053684886926
37.56843854109597,52.291863693859106,1009.7310864471141
19.602574942323898,74.33625019820946,1016.404355785348
30.732892059155233,61.914507159573525,1014.6535643632087
27.540791004963744,66.62168753947499,1011.8491984706419
30.26708690473672,45.01364502850788,1011.9623230309064
25.370509784021102,71.94214483013992,1009.7843094095385
27.8041398765662,73.01102063024092,1007.3613918966679
30.84564231786198,40.01655032855374,1015.9486039019149
40.0,52.94683276084152,1016.2488319744061
31.232144757608285,64.9576557301551,1007.4635634358804
24.607737607877965,66.44388453538183,1010.3848593394152
